"ID","Date","Time","Number","zona","luce","mean_temperature","weekend_festive","rain","season"
1,2020-03-08,"Morning",2,"lockdown",1,9,1,0,"winter"
2,2020-03-09,"Morning",5,"lockdown",1,9,0,0,"winter"
3,2020-03-09,"Morning",6,"lockdown",1,9,0,0,"winter"
4,2020-03-09,"Noon",12,"lockdown",1,9,0,0,"winter"
5,2020-03-10,"Morning",6,"lockdown",1,9,0,0,"winter"
6,2020-03-13,"Noon",2,"lockdown",1,11,0,0,"winter"
7,2020-03-14,"Morning",2,"lockdown",1,10,1,0,"winter"
8,2020-03-14,"Evening",7,"lockdown",1,10,1,0,"winter"
9,2020-03-15,"Noon",6,"lockdown",1,9,1,0,"winter"
10,2020-03-15,"Noon",2,"lockdown",1,9,1,0,"winter"
11,2020-03-15,"Evening",6,"lockdown",0,9,1,0,"winter"
12,2020-03-16,"Morning",8,"lockdown",1,9,0,0,"winter"
13,2020-03-16,"Noon",3,"lockdown",1,9,0,0,"winter"
14,2020-03-18,"Morning",1,"lockdown",1,13,0,0,"winter"
15,2020-03-21,"Noon",2,"lockdown",1,12,1,0,"spring"
16,2020-03-30,"Noon",5,"lockdown",1,10,0,2.2,"spring"
17,2020-03-30,"Evening",8,"lockdown",1,10,0,2.2,"spring"
18,2020-03-31,"Noon",4,"lockdown",1,7,0,0,"spring"
19,2020-03-31,"Evening",4,"lockdown",1,7,0,0,"spring"
20,2020-04-02,"Noon",15,"lockdown",1,7,0,0,"spring"
21,2020-04-02,"Evening",7,"lockdown",1,7,0,0,"spring"
22,2020-04-03,"Noon",13,"lockdown",1,10,0,0,"spring"
23,2020-04-03,"Evening",5,"lockdown",1,10,0,0,"spring"
24,2020-04-04,"Noon",21,"lockdown",1,13,1,0,"spring"
25,2020-04-04,"Evening",2,"lockdown",1,13,1,0,"spring"
26,2020-04-05,"Noon",2,"lockdown",1,15,1,0,"spring"
27,2020-04-05,"Evening",2,"lockdown",1,15,1,0,"spring"
28,2020-04-06,"Noon",10,"lockdown",1,15,0,0,"spring"
29,2020-04-06,"Evening",6,"lockdown",1,15,0,0,"spring"
30,2020-04-07,"Noon",10,"lockdown",1,14,0,0,"spring"
31,2020-04-07,"Evening",4,"lockdown",1,14,0,0,"spring"
32,2020-04-08,"Noon",4,"lockdown",1,14,0,0,"spring"
33,2020-04-08,"Evening",7,"lockdown",1,14,0,0,"spring"
34,2020-04-09,"Noon",14,"lockdown",1,14,1,0,"spring"
35,2020-04-09,"Evening",9,"lockdown",1,14,1,0,"spring"
36,2020-04-10,"Noon",10,"lockdown",1,18,0,0,"spring"
37,2020-04-10,"Evening",6,"lockdown",1,18,0,0,"spring"
38,2020-04-11,"Noon",9,"lockdown",1,16,1,0,"spring"
39,2020-04-11,"Evening",3,"lockdown",1,16,1,0,"spring"
40,2020-04-12,"Noon",3,"lockdown",1,16,1,0,"spring"
41,2020-04-13,"Evening",1,"lockdown",1,15,1,0,"spring"
42,2020-04-14,"Noon",13,"lockdown",1,13,0,0,"spring"
43,2020-04-14,"Noon",17,"lockdown",1,13,0,0,"spring"
44,2020-04-14,"Evening",10,"lockdown",1,13,0,0,"spring"
45,2020-04-15,"Noon",12,"lockdown",1,10,0,0,"spring"
46,2020-04-15,"Evening",8,"lockdown",1,10,0,0,"spring"
47,2020-04-17,"Noon",12,"lockdown",1,13,0,0,"spring"
48,2020-04-17,"Evening",7,"lockdown",1,13,0,0,"spring"
49,2020-04-18,"Noon",23,"lockdown",1,14,1,0,"spring"
50,2020-04-18,"Evening",6,"lockdown",1,14,1,0,"spring"
51,2020-04-19,"Noon",5,"lockdown",1,15,1,0,"spring"
52,2020-04-19,"Evening",3,"lockdown",1,15,1,0,"spring"
53,2020-04-20,"Noon",8,"lockdown",1,16,0,0.4,"spring"
54,2020-04-20,"Evening",7,"lockdown",1,16,0,0.4,"spring"
55,2020-04-21,"Noon",12,"lockdown",1,16,0,0,"spring"
56,2020-04-21,"Evening",8,"lockdown",1,16,0,0,"spring"
57,2020-04-22,"Noon",16,"lockdown",1,16,0,0,"spring"
58,2020-04-22,"Evening",9,"lockdown",1,16,0,0,"spring"
59,2020-04-23,"Noon",14,"lockdown",1,16,0,0,"spring"
60,2020-04-23,"Evening",6,"lockdown",1,16,0,0,"spring"
61,2020-04-24,"Noon",19,"lockdown",1,15,0,0,"spring"
62,2020-04-24,"Evening",12,"lockdown",1,15,0,0,"spring"
63,2020-04-25,"Noon",10,"lockdown",1,16,1,0,"spring"
64,2020-04-25,"Evening",2,"lockdown",1,16,1,0,"spring"
65,2020-04-26,"Noon",1,"lockdown",1,16,1,0,"spring"
66,2020-04-27,"Noon",13,"lockdown",1,16,0,0.4,"spring"
67,2020-04-27,"Evening",11,"lockdown",1,16,0,0.4,"spring"
68,2020-04-28,"Noon",7,"lockdown",1,16,0,2,"spring"
69,2020-04-28,"Evening",15,"lockdown",1,16,0,2,"spring"
70,2020-04-29,"Noon",9,"lockdown",1,15,0,13,"spring"
71,2020-04-29,"Evening",22,"lockdown",1,15,0,13,"spring"
72,2020-05-01,"Noon",7,"lockdown",1,16,1,0.2,"spring"
73,2020-05-01,"Evening",9,"lockdown",1,16,1,0.2,"spring"
74,2020-05-02,"Noon",27,"lockdown",1,17,1,0,"spring"
75,2020-05-02,"Evening",17,"lockdown",1,17,1,0,"spring"
76,2020-05-03,"Noon",8,"lockdown",1,16,1,0,"spring"
77,2020-05-04,"Evening",16,"phase2",1,16,0,0,"spring"
78,2020-05-05,"Noon",32,"phase2",1,16,0,0,"spring"
79,2020-05-05,"Evening",16,"phase2",1,16,0,0,"spring"
80,2020-05-06,"Evening",10,"phase2",1,16,0,0,"spring"
81,2020-05-07,"Noon",11,"phase2",1,17,0,0,"spring"
82,2020-05-07,"Evening",12,"phase2",1,17,0,0,"spring"
83,2020-05-09,"Noon",24,"phase2",1,18,1,0,"spring"
84,2020-05-09,"Evening",20,"phase2",1,18,1,0,"spring"
85,2020-05-10,"Noon",10,"phase2",1,18,1,0,"spring"
86,2020-05-10,"Evening",14,"phase2",1,18,1,0,"spring"
87,2020-05-11,"Noon",20,"phase2",1,18,0,5.8,"spring"
88,2020-05-11,"Evening",11,"phase2",1,18,0,5.8,"spring"
89,2020-05-12,"Noon",13,"phase2",1,16,0,0,"spring"
90,2020-05-12,"Evening",21,"phase2",1,16,0,0,"spring"
91,2020-05-14,"Noon",11,"phase2",1,19,0,0,"spring"
92,2020-05-14,"Evening",9,"phase2",1,19,0,0,"spring"
93,2020-05-15,"Noon",2,"phase2",1,20,0,10,"spring"
94,2020-05-15,"Evening",13,"phase2",1,20,0,10,"spring"
95,2020-05-16,"Noon",14,"phase2",1,18,1,1.4,"spring"
96,2020-05-16,"Evening",17,"phase2",1,18,1,1.4,"spring"
97,2020-05-17,"Noon",20,"phase2",1,21,1,0,"spring"
98,2020-05-17,"Evening",20,"phase2",1,21,1,0,"spring"
99,2020-05-18,"Noon",12,"phase2",1,22,0,0,"spring"
100,2020-05-18,"Evening",19,"phase2",1,22,0,0,"spring"
101,2020-05-19,"Noon",11,"phase2",1,21,0,4.4,"spring"
102,2020-05-19,"Evening",25,"phase2",1,21,0,4.4,"spring"
103,2020-05-20,"Noon",23,"phase2",1,20,0,0,"spring"
104,2020-05-20,"Evening",19,"phase2",1,20,0,0,"spring"
105,2020-05-21,"Noon",22,"phase2",1,20,0,0,"spring"
106,2020-05-21,"Evening",11,"phase2",1,20,0,0,"spring"
107,2020-05-22,"Noon",9,"phase2",1,20,0,0,"spring"
108,2020-05-23,"Noon",31,"phase2",1,20,1,3.8,"spring"
109,2020-05-23,"Evening",26,"phase2",1,20,1,3.8,"spring"
110,2020-05-24,"Noon",20,"phase2",1,19,1,0,"spring"
111,2020-05-25,"Noon",20,"phase2",1,20,0,0,"spring"
112,2020-05-25,"Evening",20,"phase2",1,20,0,0,"spring"
113,2020-05-26,"Noon",29,"phase2",1,19,0,0,"spring"
114,2020-05-26,"Evening",30,"phase2",1,19,0,0,"spring"
115,2020-05-28,"Noon",24,"phase2",1,19,0,14.8,"spring"
116,2020-05-28,"Evening",19,"phase2",1,19,0,14.8,"spring"
117,2020-05-29,"Noon",11,"phase2",1,18,0,0.2,"spring"
118,2020-05-29,"Evening",28,"phase2",1,18,0,0.2,"spring"
119,2020-05-30,"Evening",34,"phase2",1,18,1,0,"spring"
120,2020-05-31,"Noon",36,"phase2",1,18,1,0,"spring"
121,2020-05-31,"Evening",34,"phase2",1,18,1,0,"spring"
122,2020-06-01,"Noon",34,"phase2",1,21,0,0,"spring"
123,2020-06-01,"Evening",31,"phase2",1,21,1,0,"spring"
124,2020-06-02,"Noon",45,"phase2",1,21,0,0,"spring"
125,2020-06-02,"Evening",30,"phase2",1,21,1,0,"spring"
126,2020-06-03,"Noon",22,"phase2",1,21,0,1.6,"spring"
127,2020-06-03,"Evening",20,"phase2",1,21,0,1.6,"spring"
128,2020-06-04,"Noon",6,"phase2",1,18,0,39.4,"spring"
129,2020-06-04,"Evening",8,"phase2",1,18,0,39.4,"spring"
130,2020-06-05,"Noon",24,"phase2",1,20,0,1.4,"spring"
131,2020-06-05,"Evening",27,"phase2",1,20,0,1.4,"spring"
132,2020-06-06,"Noon",26,"phase2",1,21,1,0,"spring"
133,2020-06-06,"Evening",28,"phase2",1,21,1,0,"spring"
134,2020-06-07,"Noon",23,"phase2",1,20,1,2,"spring"
135,2020-06-07,"Evening",22,"phase2",1,20,1,2,"spring"
136,2020-06-08,"Noon",3,"phase2",1,18,0,35.4,"spring"
137,2020-06-08,"Evening",20,"phase2",1,18,0,35.4,"spring"
138,2020-06-09,"Noon",21,"phase2",1,19,0,6.6,"spring"
139,2020-06-09,"Evening",20,"phase2",1,19,0,6.6,"spring"
140,2020-06-10,"Evening",3,"phase2",1,17,0,11.2,"spring"
141,2020-06-12,"Noon",26,"phase2",1,20,0,0,"spring"
142,2020-06-12,"Evening",24,"phase2",1,20,0,0,"spring"
143,2020-06-13,"Noon",24,"phase2",1,21,1,0,"spring"
144,2020-06-13,"Evening",24,"phase2",1,21,1,0,"spring"
145,2020-06-14,"Noon",9,"phase2",1,20,1,0.2,"spring"
146,2020-06-14,"Evening",36,"phase2",1,20,1,0.2,"spring"
147,2020-06-15,"Noon",31,"phase3",1,20,0,0.4,"spring"
148,2020-06-15,"Evening",31,"phase3",1,20,0,0.4,"spring"
149,2020-06-16,"Noon",24,"phase3",1,22,0,0.2,"spring"
150,2020-06-16,"Evening",28,"phase3",1,22,0,0.2,"spring"
151,2020-06-17,"Noon",20,"phase3",1,21,0,0,"spring"
152,2020-06-17,"Evening",15,"phase3",1,21,0,0,"spring"
153,2020-06-19,"Noon",27,"phase3",1,20,0,15.6,"spring"
154,2020-06-20,"Noon",25,"phase3",1,21,1,0,"spring"
155,2020-06-20,"Evening",23,"phase3",1,21,1,0,"spring"
156,2020-06-21,"Noon",48,"phase3",1,22,1,0,"summer"
157,2020-06-21,"Evening",28,"phase3",1,22,1,0,"summer"
158,2020-06-22,"Noon",23,"phase3",1,25,0,0,"summer"
159,2020-06-22,"Evening",27,"phase3",1,25,0,0,"summer"
160,2020-06-23,"Noon",21,"phase3",1,26,0,0,"summer"
161,2020-06-23,"Evening",19,"phase3",1,26,0,0,"summer"
162,2020-06-25,"Noon",26,"phase3",1,22,0,0.6,"summer"
163,2020-06-25,"Evening",15,"phase3",1,22,0,0.6,"summer"
164,2020-06-26,"Noon",18,"phase3",1,23,0,0,"summer"
165,2020-06-26,"Evening",26,"phase3",1,23,0,0,"summer"
166,2020-06-27,"Noon",16,"phase3",1,25,1,0,"summer"
167,2020-06-27,"Evening",24,"phase3",1,25,1,0,"summer"
168,2020-06-28,"Noon",21,"phase3",1,25,1,0,"summer"
169,2020-06-28,"Evening",14,"phase3",1,25,1,0,"summer"
170,2020-06-30,"Noon",27,"phase3",1,25,0,0,"summer"
171,2020-06-30,"Evening",22,"phase3",1,25,0,0,"summer"
172,2020-07-02,"Noon",16,"phase3",1,24,0,12,"summer"
173,2020-07-02,"Evening",22,"phase3",1,24,0,12,"summer"
174,2020-07-03,"Evening",27,"phase3",1,24,0,2.8,"summer"
175,2020-07-04,"Noon",28,"phase3",1,24,1,0,"summer"
176,2020-07-04,"Evening",24,"phase3",1,24,1,0,"summer"
177,2020-11-02,"Noon",20,"yellow",1,12,0,0,"autumn"
178,2020-11-02,"Evening",24,"yellow",1,12,0,0,"autumn"
179,2020-11-03,"Morning",9,"yellow",1,13,0,0,"autumn"
180,2020-11-03,"Noon",20,"yellow",1,13,0,0,"autumn"
181,2020-11-03,"Evening",21,"yellow",1,13,0,0,"autumn"
182,2020-11-04,"Noon",30,"yellow",1,14,0,0,"autumn"
183,2020-11-04,"Evening",17,"yellow",1,14,0,0,"autumn"
184,2020-11-05,"Noon",26,"yellow",1,14,0,0,"autumn"
185,2020-11-05,"Evening",28,"yellow",1,14,0,0,"autumn"
186,2020-11-06,"Morning",10,"yellow",1,12,0,0,"autumn"
187,2020-11-06,"Noon",23,"yellow",1,12,0,0,"autumn"
188,2020-11-06,"Evening",25,"yellow",0,12,0,0,"autumn"
189,2020-11-07,"Morning",4,"yellow",1,12,1,0,"autumn"
190,2020-11-07,"Noon",21,"yellow",1,12,1,0,"autumn"
191,2020-11-08,"Noon",34,"yellow",1,10,1,0,"autumn"
192,2020-11-09,"Morning",5,"yellow",1,11,0,0,"autumn"
193,2020-11-09,"Noon",22,"yellow",1,11,0,0,"autumn"
194,2020-11-09,"Evening",23,"yellow",0,11,0,0,"autumn"
195,2020-11-11,"Noon",13,"yellow",1,9,0,0.2,"autumn"
196,2020-11-12,"Morning",19,"yellow",1,9,0,0,"autumn"
197,2020-11-12,"Noon",30,"yellow",1,9,0,0,"autumn"
198,2020-11-13,"Morning",17,"yellow",1,9,0,0,"autumn"
199,2020-11-13,"Noon",18,"yellow",1,9,0,0,"autumn"
200,2020-11-15,"Evening",8,"yellow",0,10,1,0,"autumn"
201,2020-11-16,"Morning",9,"yellow",1,10,0,10.4,"autumn"
202,2020-11-16,"Noon",8,"yellow",1,10,0,10.4,"autumn"
203,2020-11-16,"Evening",21,"yellow",0,10,0,10.4,"autumn"
204,2020-11-17,"Morning",14,"yellow",1,10,0,0,"autumn"
205,2020-11-17,"Noon",19,"yellow",1,10,0,0,"autumn"
206,2020-11-18,"Morning",9,"yellow",1,9,0,0,"autumn"
207,2020-11-18,"Noon",8,"yellow",1,9,0,0,"autumn"
208,2020-11-18,"Evening",6,"yellow",0,9,0,0,"autumn"
209,2020-11-19,"Morning",12,"yellow",1,7,0,0,"autumn"
210,2020-11-19,"Noon",15,"yellow",1,7,0,0,"autumn"
211,2020-11-19,"Evening",20,"yellow",0,7,0,0,"autumn"
212,2020-11-20,"Morning",8,"yellow",1,10,0,0.2,"autumn"
213,2020-11-20,"Noon",25,"yellow",1,10,0,0.2,"autumn"
214,2020-11-20,"Evening",22,"yellow",0,10,0,0.2,"autumn"
215,2020-11-21,"Morning",4,"yellow",1,6,1,0,"autumn"
216,2020-11-21,"Noon",20,"yellow",1,6,1,0,"autumn"
217,2020-11-21,"Evening",16,"yellow",0,6,1,0,"autumn"
218,2020-11-22,"Morning",2,"yellow",1,4,1,0,"autumn"
219,2020-11-22,"Noon",21,"yellow",1,4,1,0,"autumn"
220,2020-11-22,"Evening",25,"yellow",0,4,1,0,"autumn"
221,2020-11-23,"Morning",13,"yellow",1,5,0,0,"autumn"
222,2020-11-23,"Noon",9,"yellow",1,5,0,0,"autumn"
223,2020-11-23,"Evening",12,"yellow",0,5,0,0,"autumn"
224,2020-11-24,"Morning",15,"yellow",1,7,0,0,"autumn"
225,2020-11-24,"Noon",18,"yellow",1,7,0,0,"autumn"
226,2020-11-24,"Evening",13,"yellow",0,7,0,0,"autumn"
227,2020-11-25,"Morning",14,"yellow",1,5,0,0,"autumn"
228,2020-11-25,"Noon",20,"yellow",1,5,0,0,"autumn"
229,2020-11-26,"Morning",10,"yellow",1,4,0,0,"autumn"
230,2020-11-26,"Noon",28,"yellow",1,4,0,0,"autumn"
231,2020-11-27,"Morning",22,"yellow",1,4,0,0,"autumn"
232,2020-11-27,"Noon",39,"yellow",1,4,0,0,"autumn"
233,2020-11-27,"Evening",29,"yellow",0,4,0,0,"autumn"
234,2020-11-28,"Morning",5,"yellow",1,6,1,0,"autumn"
235,2020-11-28,"Evening",16,"yellow",0,6,1,0,"autumn"
236,2020-11-29,"Morning",4,"yellow",1,6,1,0,"autumn"
237,2020-11-29,"Noon",20,"yellow",1,6,1,0,"autumn"
238,2020-11-30,"Morning",8,"yellow",1,4,0,0,"autumn"
239,2020-11-30,"Noon",19,"yellow",1,4,0,0,"autumn"
240,2020-11-30,"Evening",13,"yellow",0,4,0,0,"autumn"
241,2020-12-01,"Morning",14,"yellow",1,3,0,0.4,"autumn"
242,2020-12-01,"Noon",26,"yellow",1,3,0,0.4,"autumn"
243,2020-12-01,"Evening",12,"yellow",0,3,0,0.4,"autumn"
244,2020-12-02,"Morning",5,"yellow",1,3,0,14.2,"autumn"
245,2020-12-02,"Noon",10,"yellow",1,3,0,14.2,"autumn"
246,2020-12-03,"Morning",11,"yellow",1,4,0,0.8,"autumn"
247,2020-12-03,"Noon",17,"yellow",1,4,0,0.8,"autumn"
248,2020-12-03,"Evening",11,"yellow",0,4,0,0.8,"autumn"
249,2020-12-04,"Morning",7,"yellow",1,7,0,6.2,"autumn"
250,2020-12-04,"Noon",23,"yellow",1,7,0,6.2,"autumn"
251,2020-12-04,"Evening",8,"yellow",0,7,0,6.2,"autumn"
252,2020-12-05,"Morning",6,"yellow",1,13,1,3.2,"autumn"
253,2020-12-05,"Noon",27,"yellow",1,13,1,3.2,"autumn"
254,2020-12-06,"Morning",3,"yellow",1,11,1,10.4,"autumn"
255,2020-12-06,"Noon",10,"yellow",1,11,1,10.4,"autumn"
256,2020-12-07,"Noon",26,"yellow",1,6,0,0.2,"autumn"
257,2020-12-08,"Evening",2,"yellow",0,6,1,29.8,"autumn"
258,2020-12-09,"Morning",4,"yellow",1,7,0,6.6,"autumn"
259,2020-12-10,"Noon",23,"yellow",1,6,0,0,"autumn"
260,2020-12-10,"Evening",10,"yellow",0,6,0,0,"autumn"
261,2020-12-11,"Morning",5,"yellow",1,5,0,0,"autumn"
262,2020-12-11,"Noon",29,"yellow",1,5,0,0,"autumn"
263,2020-12-11,"Evening",19,"yellow",0,5,0,0,"autumn"
264,2020-12-12,"Morning",3,"yellow",1,6,1,0,"autumn"
265,2020-12-12,"Noon",17,"yellow",1,6,1,0,"autumn"
266,2020-12-12,"Evening",21,"yellow",0,6,1,0,"autumn"
267,2020-12-13,"Noon",28,"yellow",1,5,1,0,"autumn"
268,2020-12-14,"Noon",16,"yellow",1,4,0,0,"autumn"
269,2020-12-16,"Morning",12,"yellow",1,5,0,1.2,"autumn"
270,2020-12-23,"Morning",7,"yellow",1,8,0,0,"winter"
271,2020-12-23,"Evening",14,"yellow",0,8,0,0,"winter"
272,2020-12-24,"Morning",8,"red",1,8,0,0.4,"winter"
273,2020-12-24,"Noon",21,"red",1,8,0,0.4,"winter"
274,2020-12-25,"Morning",1,"red",1,7,1,8,"winter"
275,2020-12-26,"Noon",10,"red",1,5,1,0,"winter"
276,2020-12-26,"Evening",9,"red",0,5,1,0,"winter"
277,2020-12-27,"Morning",3,"red",1,2,1,0,"winter"
278,2020-12-27,"Noon",8,"red",1,2,1,0,"winter"
279,2020-12-27,"Evening",5,"red",0,2,1,0,"winter"
280,2020-12-28,"Morning",1,"red",1,3,0,11.4,"winter"
281,2020-12-28,"Noon",7,"red",1,3,0,11.4,"winter"
282,2020-12-28,"Evening",8,"red",0,3,0,11.4,"winter"
283,2020-12-29,"Morning",10,"red",1,4,0,0.8,"winter"
284,2020-12-29,"Noon",20,"red",1,4,0,0.8,"winter"
285,2020-12-29,"Evening",9,"red",0,4,0,0.8,"winter"
286,2020-12-30,"Morning",10,"red",1,4,0,1.8,"winter"
287,2020-12-30,"Noon",24,"red",1,4,0,1.8,"winter"
288,2020-12-31,"Morning",2,"red",1,5,0,0.8,"winter"
289,2021-01-01,"Morning",3,"red",1,5,1,8.8,"winter"
290,2021-01-01,"Evening",1,"red",0,5,1,8.8,"winter"
291,2021-01-02,"Morning",6,"red",1,7,1,4.4,"winter"
292,2021-01-02,"Noon",10,"red",1,7,1,4.4,"winter"
293,2021-01-03,"Noon",18,"red",1,6,1,0,"winter"
294,2021-01-03,"Evening",14,"red",1,6,1,0,"winter"
295,2021-01-04,"Morning",3,"red",1,6,0,2.4,"winter"
296,2021-01-04,"Noon",24,"red",1,6,0,2.4,"winter"
297,2021-01-04,"Evening",16,"red",0,6,0,2.4,"winter"
298,2021-01-05,"Morning",12,"red",1,5,0,13.4,"winter"
299,2021-01-05,"Noon",12,"red",1,5,0,13.4,"winter"
300,2021-01-06,"Morning",2,"red",1,4,1,0,"winter"
301,2021-01-06,"Noon",14,"red",1,4,1,0,"winter"
302,2021-01-07,"Morning",8,"red",1,2,0,0,"winter"
303,2021-01-07,"Noon",9,"red",1,2,0,0,"winter"
304,2021-01-07,"Evening",12,"red",0,2,0,0,"winter"
305,2021-01-08,"Morning",20,"red",1,3,0,0,"winter"
306,2021-01-08,"Evening",24,"red",0,3,0,0,"winter"
307,2021-01-09,"Morning",7,"red",1,3,1,0,"winter"
308,2021-01-09,"Noon",25,"red",1,3,1,0,"winter"
309,2021-01-09,"Evening",17,"red",0,3,1,0,"winter"
310,2021-01-10,"Noon",21,"red",1,3,1,0,"winter"
311,2021-01-10,"Evening",9,"red",0,3,1,0,"winter"
312,2021-01-11,"Morning",16,"orange",1,2,0,0,"winter"
313,2021-01-11,"Noon",21,"orange",1,2,0,0,"winter"
314,2021-01-11,"Evening",20,"orange",0,2,0,0,"winter"
315,2021-01-12,"Morning",12,"orange",1,0,0,0,"winter"
316,2021-01-12,"Noon",19,"orange",1,0,0,0,"winter"
317,2021-01-12,"Evening",11,"orange",1,0,0,0,"winter"
318,2021-01-13,"Morning",18,"orange",1,1,0,0,"winter"
319,2021-01-13,"Noon",35,"orange",1,1,0,0,"winter"
320,2021-01-13,"Evening",9,"orange",1,1,0,0,"winter"
321,2021-01-14,"Morning",6,"orange",1,3,0,0,"winter"
322,2021-01-14,"Noon",29,"orange",1,3,0,0,"winter"
323,2021-01-14,"Evening",13,"orange",1,3,0,0,"winter"
324,2021-01-15,"Morning",14,"orange",1,2,0,0,"winter"
325,2021-01-15,"Noon",15,"orange",1,2,0,0,"winter"
326,2021-01-15,"Evening",20,"orange",1,2,0,0,"winter"
327,2021-01-16,"Morning",3,"orange",1,1,1,0,"winter"
328,2021-01-16,"Noon",29,"orange",1,1,1,0,"winter"
329,2021-01-16,"Evening",17,"orange",1,1,1,0,"winter"
330,2021-01-17,"Noon",17,"orange",1,1,1,0,"winter"
331,2021-01-17,"Evening",8,"orange",0,1,1,0,"winter"
332,2021-01-18,"Morning",8,"orange",1,1,0,0,"winter"
333,2021-01-18,"Noon",22,"orange",1,1,0,0,"winter"
334,2021-01-18,"Evening",16,"orange",1,1,0,0,"winter"
335,2021-01-19,"Morning",12,"orange",1,0,0,0,"winter"
336,2021-01-19,"Evening",16,"orange",0,0,0,0,"winter"
337,2021-01-20,"Morning",9,"orange",1,2,0,0,"winter"
338,2021-01-20,"Noon",17,"orange",1,2,0,0,"winter"
339,2021-01-20,"Evening",24,"orange",1,2,0,0,"winter"
340,2021-01-22,"Noon",18,"orange",1,7,0,6.6,"winter"
341,2021-01-22,"Evening",13,"orange",1,7,0,6.6,"winter"
342,2021-01-23,"Morning",6,"orange",1,7,1,3.2,"winter"
343,2021-01-23,"Noon",17,"orange",1,7,1,3.2,"winter"
344,2021-01-23,"Evening",14,"orange",0,7,1,3.2,"winter"
345,2021-01-24,"Noon",21,"orange",1,5,1,0,"winter"
346,2021-01-25,"Morning",11,"orange",1,3,0,0,"winter"
347,2021-01-25,"Noon",18,"orange",1,3,0,0,"winter"
348,2021-01-25,"Evening",25,"orange",1,3,0,0,"winter"
349,2021-01-26,"Noon",22,"orange",1,3,0,0,"winter"
350,2021-01-26,"Evening",24,"orange",1,3,0,0,"winter"
351,2021-01-27,"Morning",8,"orange",1,1,0,0,"winter"
352,2021-01-27,"Evening",27,"orange",1,1,0,0,"winter"
353,2021-01-29,"Evening",14,"orange",0,2,0,0,"winter"
354,2021-01-30,"Morning",1,"orange",1,3,1,3.4,"winter"
355,2021-01-30,"Noon",23,"orange",1,3,1,3.4,"winter"
356,2021-01-30,"Evening",34,"orange",1,3,1,3.4,"winter"
357,2021-01-31,"Noon",15,"orange",1,6,1,15.8,"winter"
358,2021-01-31,"Evening",30,"orange",1,6,1,15.8,"winter"
359,2021-02-01,"Morning",9,"yellow",1,5,0,0,"winter"
360,2021-02-01,"Noon",22,"yellow",1,5,0,0,"winter"
361,2021-02-01,"Evening",21,"yellow",1,5,0,0,"winter"
362,2021-02-02,"Morning",17,"yellow",1,6,0,0,"winter"
363,2021-02-02,"Noon",18,"yellow",1,6,0,0,"winter"
364,2021-02-02,"Evening",26,"yellow",1,6,0,0,"winter"
365,2021-02-03,"Morning",17,"yellow",1,6,0,0.4,"winter"
366,2021-02-03,"Evening",5,"yellow",1,6,0,0.4,"winter"
367,2021-02-05,"Morning",14,"yellow",1,9,0,0,"winter"
368,2021-02-05,"Noon",29,"yellow",1,9,0,0,"winter"
369,2021-02-05,"Evening",26,"yellow",1,9,0,0,"winter"
370,2021-02-06,"Morning",6,"yellow",1,9,1,0,"winter"
371,2021-02-06,"Noon",45,"yellow",1,9,1,0,"winter"
372,2021-02-06,"Evening",31,"yellow",1,9,1,0,"winter"
373,2021-02-07,"Evening",14,"yellow",1,10,1,1.2,"winter"
374,2021-02-08,"Morning",23,"yellow",1,9,0,0.6,"winter"
375,2021-02-08,"Noon",25,"yellow",1,9,0,0.6,"winter"
376,2021-02-08,"Evening",40,"yellow",1,9,0,0.6,"winter"
377,2021-02-09,"Morning",17,"yellow",1,9,0,3.4,"winter"
378,2021-02-09,"Noon",19,"yellow",1,9,0,3.4,"winter"
379,2021-02-09,"Evening",37,"yellow",1,9,0,3.4,"winter"
380,2021-02-10,"Morning",8,"yellow",1,9,0,13,"winter"
381,2021-02-10,"Noon",19,"yellow",1,9,0,13,"winter"
382,2021-02-10,"Evening",17,"yellow",0,9,0,13,"winter"
383,2021-02-12,"Morning",20,"yellow",1,1,0,0,"winter"
384,2021-02-12,"Noon",26,"yellow",1,1,0,0,"winter"
385,2021-02-12,"Evening",21,"yellow",1,1,0,0,"winter"
386,2021-02-13,"Evening",31,"yellow",1,0,1,0,"winter"
387,2021-02-14,"Noon",46,"yellow",1,1,1,0,"winter"
388,2021-02-14,"Evening",52,"yellow",1,1,1,0,"winter"
389,2021-02-15,"Morning",4,"yellow",1,1,0,0,"winter"
390,2021-02-15,"Noon",41,"yellow",1,1,0,0,"winter"
391,2021-02-15,"Evening",32,"yellow",1,1,0,0,"winter"
392,2021-02-15,"Evening",26,"yellow",1,1,0,0,"winter"
393,2021-02-16,"Morning",11,"yellow",1,2,0,0,"winter"
394,2021-02-16,"Noon",34,"yellow",1,2,0,0,"winter"
395,2021-02-16,"Evening",43,"yellow",1,2,0,0,"winter"
396,2021-02-17,"Noon",26,"yellow",1,5,0,0,"winter"
397,2021-02-17,"Evening",37,"yellow",1,5,0,0,"winter"
398,2021-02-18,"Morning",14,"yellow",1,7,0,0,"winter"
399,2021-02-18,"Noon",20,"yellow",1,7,0,0,"winter"
400,2021-02-19,"Morning",10,"yellow",1,8,0,0,"winter"
401,2021-02-19,"Noon",33,"yellow",1,8,0,0,"winter"
402,2021-02-19,"Evening",20,"yellow",1,8,0,0,"winter"
403,2021-02-20,"Morning",14,"yellow",1,10,1,0,"winter"
404,2021-02-20,"Noon",34,"yellow",1,10,1,0,"winter"
405,2021-02-20,"Evening",44,"yellow",1,10,1,0,"winter"
406,2021-02-21,"Morning",9,"yellow",1,10,1,0,"winter"
407,2021-02-21,"Noon",49,"yellow",1,10,1,0,"winter"
408,2021-02-22,"Morning",10,"yellow",1,8,0,0,"winter"
409,2021-02-22,"Noon",22,"yellow",1,8,0,0,"winter"
410,2021-02-22,"Evening",30,"yellow",1,8,0,0,"winter"
411,2021-02-23,"Morning",16,"yellow",1,8,0,0,"winter"
412,2021-02-23,"Noon",18,"yellow",1,8,0,0,"winter"
413,2021-02-23,"Evening",24,"yellow",1,8,0,0,"winter"
414,2021-02-24,"Morning",15,"yellow",1,11,0,0.2,"winter"
415,2021-02-24,"Noon",27,"yellow",1,11,0,0.2,"winter"
416,2021-02-24,"Evening",32,"yellow",1,11,0,0.2,"winter"
417,2021-02-25,"Morning",8,"yellow",1,12,0,0,"winter"
418,2021-02-25,"Noon",34,"yellow",1,12,0,0,"winter"
419,2021-02-25,"Evening",18,"yellow",1,12,0,0,"winter"
420,2021-02-26,"Noon",22,"yellow",1,10,0,0,"winter"
421,2021-02-26,"Evening",29,"yellow",1,10,0,0,"winter"
422,2021-02-27,"Morning",3,"yellow",1,11,1,0,"winter"
423,2021-02-27,"Noon",29,"yellow",1,11,1,0,"winter"
424,2021-02-27,"Evening",39,"yellow",1,11,1,0,"winter"
425,2021-02-28,"Morning",3,"yellow",1,8,1,0,"winter"
426,2021-02-28,"Noon",36,"yellow",1,8,1,0,"winter"
427,2021-02-28,"Evening",41,"yellow",1,8,1,0,"winter"
428,2021-03-01,"Evening",25,"yellow",1,8,0,0,"winter"
429,2021-03-03,"Morning",5,"yellow",1,8,0,0,"winter"
430,2021-03-03,"Evening",31,"yellow",1,8,0,0,"winter"
431,2021-03-04,"Morning",14,"yellow",1,7,0,0,"winter"
432,2021-03-04,"Noon",25,"yellow",1,7,0,0,"winter"
433,2021-03-04,"Evening",20,"yellow",1,7,0,0,"winter"
434,2021-03-05,"Morning",15,"yellow",1,9,0,0,"winter"
435,2021-03-05,"Noon",18,"yellow",1,9,0,0,"winter"
436,2021-03-05,"Evening",30,"yellow",1,9,0,0,"winter"
437,2021-03-06,"Morning",6,"yellow",1,6,1,3.8,"winter"
438,2021-03-06,"Noon",39,"yellow",1,6,1,3.8,"winter"
439,2021-03-06,"Evening",31,"yellow",1,6,1,3.8,"winter"
440,2021-03-07,"Morning",10,"yellow",1,5,1,0,"winter"
441,2021-03-07,"Noon",30,"yellow",1,5,1,0,"winter"
442,2021-03-08,"Morning",12,"orange",1,6,0,0,"winter"
443,2021-03-08,"Noon",13,"orange",1,6,0,0,"winter"
444,2021-03-09,"Morning",15,"orange",1,7,0,0,"winter"
445,2021-03-09,"Noon",21,"orange",1,7,0,0,"winter"
446,2021-03-09,"Evening",27,"orange",1,7,0,0,"winter"
447,2021-03-10,"Morning",10,"orange",1,8,0,0,"winter"
448,2021-03-10,"Evening",26,"orange",1,8,0,0,"winter"
449,2021-03-11,"Morning",11,"orange",1,8,0,0,"winter"
450,2021-03-11,"Noon",22,"orange",1,8,0,0,"winter"
451,2021-03-11,"Evening",18,"orange",1,8,0,0,"winter"
452,2021-03-12,"Morning",6,"orange",1,9,0,0,"winter"
453,2021-03-12,"Noon",25,"orange",1,9,0,0,"winter"
454,2021-03-12,"Evening",14,"orange",1,9,0,0,"winter"
455,2021-03-13,"Morning",10,"orange",1,9,1,0,"winter"
456,2021-03-13,"Noon",36,"orange",1,9,1,0,"winter"
457,2021-03-13,"Evening",17,"orange",1,9,1,0,"winter"
458,2021-03-14,"Morning",1,"orange",1,7,1,0.2,"winter"
459,2021-03-14,"Noon",19,"orange",1,7,1,0.2,"winter"
460,2021-03-14,"Evening",16,"orange",1,7,1,0.2,"winter"
461,2021-03-15,"Morning",8,"red",1,6,0,0,"winter"
462,2021-03-15,"Noon",10,"red",1,6,0,0,"winter"
463,2021-03-15,"Evening",16,"red",1,6,0,0,"winter"
464,2021-03-16,"Morning",3,"red",1,9,0,0,"winter"
465,2021-03-16,"Noon",20,"red",1,9,0,0,"winter"
466,2021-03-16,"Evening",22,"red",1,9,0,0,"winter"
467,2021-03-18,"Morning",5,"red",1,7,0,2.6,"winter"
468,2021-03-18,"Noon",19,"red",1,7,0,2.6,"winter"
469,2021-03-18,"Evening",23,"red",1,7,0,2.6,"winter"
470,2021-03-19,"Morning",9,"red",1,6,0,1.2,"winter"
471,2021-03-19,"Noon",28,"red",1,6,0,1.2,"winter"
472,2021-03-19,"Evening",11,"red",1,6,0,1.2,"winter"
473,2021-03-20,"Morning",6,"red",1,6,1,0,"winter"
474,2021-03-20,"Noon",23,"red",1,6,1,0,"winter"
475,2021-03-20,"Evening",17,"red",1,6,1,0,"winter"
476,2021-03-21,"Morning",1,"red",1,4,1,0,"spring"
477,2021-03-21,"Noon",17,"red",1,4,1,0,"spring"
478,2021-03-21,"Evening",18,"red",1,4,1,0,"spring"
479,2021-03-22,"Morning",7,"red",1,8,0,0,"spring"
480,2021-03-22,"Noon",23,"red",1,8,0,0,"spring"
481,2021-03-22,"Evening",19,"red",1,8,0,0,"spring"
482,2021-03-23,"Morning",11,"red",1,9,0,0,"spring"
483,2021-03-23,"Noon",21,"red",1,9,0,0,"spring"
484,2021-03-23,"Evening",8,"red",1,9,0,0,"spring"
485,2021-03-24,"Morning",5,"red",1,9,0,0,"spring"
486,2021-03-24,"Noon",16,"red",1,9,0,0,"spring"
487,2021-03-24,"Evening",26,"red",1,9,0,0,"spring"
488,2021-03-25,"Morning",5,"red",1,9,0,0,"spring"
489,2021-03-25,"Noon",21,"red",1,9,0,0,"spring"
490,2021-03-25,"Evening",17,"red",1,9,0,0,"spring"
491,2021-03-26,"Morning",18,"red",1,11,0,0,"spring"
492,2021-03-26,"Noon",23,"red",1,11,0,0,"spring"
493,2021-03-26,"Evening",24,"red",1,11,0,0,"spring"
494,2021-03-27,"Morning",5,"red",1,12,1,0,"spring"
495,2021-03-27,"Noon",18,"red",1,12,1,0,"spring"
496,2021-03-27,"Evening",25,"red",1,12,1,0,"spring"
497,2021-03-28,"Morning",2,"red",1,13,1,0,"spring"
498,2021-03-28,"Noon",27,"red",1,13,1,0,"spring"
499,2021-03-28,"Evening",7,"red",1,13,1,0,"spring"
500,2021-03-29,"Morning",15,"red",1,12,0,0,"spring"
501,2021-03-29,"Noon",16,"red",1,12,0,0,"spring"
502,2021-03-29,"Evening",17,"red",1,12,0,0,"spring"
503,2021-03-30,"Morning",12,"red",1,14,0,0,"spring"
504,2021-03-30,"Noon",14,"red",1,14,0,0,"spring"
505,2021-03-30,"Evening",22,"red",1,14,0,0,"spring"
506,2021-03-31,"Morning",13,"red",1,16,0,0,"spring"
507,2021-03-31,"Noon",11,"red",1,16,0,0,"spring"
508,2021-03-31,"Evening",17,"red",1,16,0,0,"spring"
509,2021-04-01,"Morning",13,"red",1,15,0,0,"spring"
510,2021-04-01,"Noon",17,"red",1,15,1,0,"spring"
511,2021-04-01,"Evening",19,"red",1,15,1,0,"spring"
512,2021-04-02,"Morning",5,"red",1,15,0,0,"spring"
513,2021-04-02,"Noon",16,"red",1,15,0,0,"spring"
514,2021-04-02,"Evening",17,"red",1,15,0,0,"spring"
515,2021-04-03,"Morning",10,"red",1,14,1,0,"spring"
516,2021-04-03,"Noon",14,"red",1,14,1,0,"spring"
517,2021-04-03,"Evening",13,"red",1,14,1,0,"spring"
518,2021-04-04,"Morning",1,"red",1,12,1,0,"spring"
519,2021-04-05,"Morning",2,"red",1,11,1,0,"spring"
520,2021-04-05,"Noon",11,"red",1,11,1,0,"spring"
521,2021-04-05,"Evening",7,"red",1,11,1,0,"spring"
522,2021-04-06,"Morning",8,"orange",1,7,0,7.2,"spring"
523,2021-04-06,"Noon",5,"orange",1,7,0,7.2,"spring"
524,2021-04-06,"Evening",8,"orange",1,7,0,7.2,"spring"
525,2021-04-07,"Morning",14,"orange",1,7,0,0,"spring"
526,2021-04-07,"Noon",22,"orange",1,7,0,0,"spring"
527,2021-04-07,"Evening",21,"orange",1,7,0,0,"spring"
528,2021-04-09,"Morning",18,"orange",1,10,0,0,"spring"
529,2021-04-09,"Noon",21,"orange",1,10,0,0,"spring"
530,2021-04-10,"Morning",5,"orange",1,12,1,0,"spring"
531,2021-04-10,"Noon",23,"orange",1,12,1,0,"spring"
532,2021-04-10,"Evening",22,"orange",1,12,1,0,"spring"
533,2021-04-11,"Noon",15,"orange",1,10,1,20,"spring"
534,2021-04-11,"Evening",9,"orange",1,10,1,20,"spring"
535,2021-04-13,"Morning",10,"orange",1,8,0,6.6,"spring"
536,2021-04-13,"Noon",21,"orange",1,8,0,6.6,"spring"
537,2021-04-13,"Evening",29,"orange",1,8,0,6.6,"spring"
538,2021-04-14,"Morning",12,"orange",1,9,0,0,"spring"
539,2021-04-14,"Noon",18,"orange",1,9,0,0,"spring"
540,2021-04-14,"Evening",29,"orange",1,9,0,0,"spring"
541,2021-04-15,"Morning",14,"orange",1,9,0,1.6,"spring"
542,2021-04-15,"Noon",16,"orange",1,9,0,1.6,"spring"
543,2021-04-16,"Morning",15,"orange",1,9,0,0,"spring"
544,2021-04-16,"Noon",21,"orange",1,9,0,0,"spring"
545,2021-04-16,"Evening",35,"orange",1,9,0,0,"spring"
546,2021-04-17,"Morning",8,"orange",1,11,1,0,"spring"
547,2021-04-17,"Noon",30,"orange",1,11,1,0,"spring"
548,2021-04-17,"Evening",24,"orange",1,11,1,0,"spring"
549,2021-04-18,"Morning",1,"orange",1,11,1,0,"spring"
550,2021-04-18,"Noon",23,"orange",1,11,1,0,"spring"
551,2021-04-18,"Evening",22,"orange",1,11,1,0,"spring"
552,2021-04-19,"Morning",17,"orange",1,12,0,0,"spring"
553,2021-04-19,"Noon",24,"orange",1,12,0,0,"spring"
554,2021-04-20,"Morning",22,"orange",1,12,0,0,"spring"
555,2021-04-20,"Noon",24,"orange",1,12,0,0,"spring"
556,2021-04-20,"Evening",20,"orange",1,12,0,0,"spring"
557,2021-04-21,"Morning",14,"orange",1,13,0,0,"spring"
558,2021-04-21,"Noon",21,"orange",1,13,0,0,"spring"
559,2021-04-21,"Evening",26,"orange",1,13,0,0,"spring"
560,2021-04-22,"Morning",13,"orange",1,13,0,0,"spring"
561,2021-04-22,"Evening",18,"orange",1,13,0,0,"spring"
562,2021-04-23,"Morning",20,"orange",1,15,0,0,"spring"
563,2021-04-23,"Noon",27,"orange",1,15,0,0,"spring"
564,2021-04-23,"Evening",39,"orange",1,15,0,0,"spring"
565,2021-04-24,"Morning",7,"orange",1,15,1,0,"spring"
566,2021-04-24,"Noon",10,"orange",1,15,1,0,"spring"
567,2021-04-24,"Evening",36,"orange",1,15,1,0,"spring"
568,2021-04-25,"Morning",1,"orange",1,16,1,0,"spring"
569,2021-04-25,"Noon",15,"orange",1,16,1,0,"spring"
570,2021-04-27,"Morning",7,"yellow",1,12,0,0.4,"spring"
571,2021-04-28,"Evening",31,"yellow",1,14,0,0,"spring"
572,2021-04-29,"Morning",13,"yellow",1,15,0,6.6,"spring"
573,2021-04-29,"Noon",25,"yellow",1,15,0,6.6,"spring"
574,2021-04-30,"Noon",25,"yellow",1,16,0,0,"spring"
575,2021-04-30,"Evening",17,"yellow",1,16,0,0,"spring"
576,2021-05-01,"Morning",9,"yellow",1,16,1,14.2,"spring"
577,2021-05-01,"Noon",52,"yellow",1,16,1,14.2,"spring"
578,2021-05-01,"Evening",42,"yellow",1,16,1,14.2,"spring"
579,2021-05-02,"Morning",2,"yellow",1,16,1,0,"spring"
580,2021-05-02,"Noon",37,"yellow",1,16,1,0,"spring"
581,2021-05-02,"Evening",38,"yellow",1,16,1,0,"spring"
582,2021-05-03,"Morning",12,"yellow",1,14,0,0.8,"spring"
583,2021-05-03,"Noon",15,"yellow",1,14,0,0.8,"spring"
584,2021-05-03,"Evening",37,"yellow",1,14,0,0.8,"spring"
585,2021-05-04,"Morning",23,"yellow",1,14,0,0,"spring"
586,2021-05-04,"Noon",18,"yellow",1,14,0,0,"spring"
587,2021-05-06,"Morning",16,"yellow",1,13,0,0,"spring"
588,2021-05-06,"Noon",35,"yellow",1,13,0,0,"spring"
589,2021-05-06,"Evening",26,"yellow",1,13,0,0,"spring"
590,2021-05-07,"Morning",17,"yellow",1,16,0,0,"spring"
591,2021-05-07,"Noon",25,"yellow",1,16,0,0,"spring"
592,2021-05-07,"Evening",32,"yellow",1,16,0,0,"spring"
593,2021-05-08,"Morning",5,"yellow",1,15,1,0,"spring"
594,2021-05-08,"Noon",55,"yellow",1,15,1,0,"spring"
595,2021-05-08,"Evening",44,"yellow",1,15,1,0,"spring"
596,2021-05-09,"Morning",5,"yellow",1,16,1,0,"spring"
597,2021-05-09,"Noon",41,"yellow",1,16,1,0,"spring"
598,2021-05-09,"Evening",40,"yellow",1,16,1,0,"spring"
599,2021-05-11,"Morning",25,"yellow",1,17,0,6.8,"spring"
600,2021-05-11,"Noon",19,"yellow",1,17,0,6.8,"spring"
601,2021-05-11,"Evening",24,"yellow",1,17,0,6.8,"spring"
602,2021-05-12,"Morning",22,"yellow",1,15,0,5.6,"spring"
603,2021-05-12,"Noon",27,"yellow",1,15,0,5.6,"spring"
604,2021-05-13,"Morning",11,"yellow",1,15,0,9,"spring"
605,2021-05-13,"Noon",23,"yellow",1,15,0,9,"spring"
606,2021-05-13,"Evening",33,"yellow",1,15,0,9,"spring"
607,2021-05-14,"Morning",13,"yellow",1,15,0,0.4,"spring"
608,2021-05-14,"Noon",19,"yellow",1,15,0,0.4,"spring"
609,2021-05-14,"Evening",27,"yellow",1,15,0,0.4,"spring"
610,2021-05-15,"Morning",10,"yellow",1,16,1,0,"spring"
611,2021-05-15,"Noon",35,"yellow",1,16,1,0,"spring"
612,2021-05-15,"Evening",41,"yellow",1,16,1,0,"spring"
613,2021-05-16,"Morning",4,"yellow",1,16,1,3,"spring"
614,2021-05-16,"Noon",49,"yellow",1,16,1,3,"spring"
615,2021-05-17,"Morning",13,"yellow",1,16,0,6.6,"spring"
616,2021-05-17,"Noon",22,"yellow",1,16,0,6.6,"spring"
617,2021-05-17,"Evening",33,"yellow",1,16,0,6.6,"spring"
618,2021-05-18,"Morning",18,"yellow",1,16,0,0.4,"spring"
619,2021-05-18,"Evening",25,"yellow",1,16,0,0.4,"spring"
620,2021-05-19,"Morning",9,"yellow",1,13,0,4.2,"spring"
621,2021-05-19,"Noon",17,"yellow",1,13,0,4.2,"spring"
622,2021-05-20,"Morning",18,"yellow",1,16,0,0,"spring"
623,2021-05-20,"Noon",29,"yellow",1,16,0,0,"spring"
624,2021-05-20,"Evening",29,"yellow",1,16,0,0,"spring"
625,2021-05-21,"Morning",24,"yellow",1,17,0,0,"spring"
626,2021-05-22,"Morning",6,"yellow",1,17,1,0.2,"spring"
627,2021-05-22,"Noon",41,"yellow",1,17,1,0.2,"spring"
628,2021-05-22,"Evening",48,"yellow",1,17,1,0.2,"spring"
629,2021-05-23,"Morning",7,"yellow",1,17,1,0,"spring"
630,2021-05-23,"Noon",46,"yellow",1,17,1,0,"spring"
631,2021-05-23,"Evening",37,"yellow",1,17,1,0,"spring"
632,2021-05-24,"Morning",10,"yellow",1,14,0,27.6,"spring"
633,2021-05-25,"Morning",13,"yellow",1,16,0,0.4,"spring"
634,2021-05-26,"Morning",18,"yellow",1,17,0,0,"spring"
635,2021-05-26,"Noon",18,"yellow",1,17,0,0,"spring"
636,2021-05-26,"Evening",32,"yellow",1,17,0,0,"spring"
637,2021-05-27,"Morning",25,"yellow",1,17,0,0,"spring"
638,2021-05-27,"Noon",27,"yellow",1,17,0,0,"spring"
639,2021-05-27,"Evening",30,"yellow",1,17,0,0,"spring"
640,2021-05-28,"Evening",31,"yellow",1,18,0,0,"spring"
641,2021-05-29,"Morning",15,"yellow",1,18,1,0,"spring"
642,2021-05-29,"Noon",62,"yellow",1,18,1,0,"spring"
643,2021-05-29,"Evening",32,"yellow",1,18,1,0,"spring"
644,2021-05-30,"Morning",6,"yellow",1,18,1,0,"spring"
645,2021-05-30,"Noon",49,"yellow",1,18,1,0,"spring"
646,2021-05-30,"Evening",23,"yellow",1,18,1,0,"spring"
647,2021-05-31,"Morning",18,"yellow",1,18,0,1,"spring"
648,2021-05-31,"Noon",26,"yellow",1,18,0,1,"spring"
649,2021-05-31,"Evening",35,"yellow",1,18,0,1,"spring"
650,2021-06-01,"Morning",17,"yellow",1,19,0,0,"spring"
651,2021-06-01,"Noon",27,"yellow",1,19,0,0,"spring"
652,2021-06-02,"Morning",8,"yellow",1,19,1,0,"spring"
653,2021-06-02,"Noon",40,"yellow",1,19,1,0,"spring"
654,2021-06-02,"Evening",51,"yellow",1,19,1,0,"spring"
655,2021-06-03,"Evening",12,"yellow",1,20,0,0,"spring"
656,2021-06-04,"Morning",17,"yellow",1,22,0,0,"spring"
657,2021-06-04,"Noon",27,"yellow",1,22,0,0,"spring"
658,2021-06-04,"Evening",16,"yellow",1,22,0,0,"spring"
659,2021-06-05,"Morning",8,"yellow",1,23,1,0,"spring"
660,2021-06-05,"Noon",37,"yellow",1,23,1,0,"spring"
661,2021-06-05,"Evening",30,"yellow",1,23,1,0,"spring"
662,2021-06-06,"Morning",4,"yellow",1,21,1,11.2,"spring"
663,2021-06-07,"Morning",14,"white",1,22,0,0,"spring"
664,2021-06-07,"Noon",29,"white",1,22,0,0,"spring"
665,2021-06-08,"Morning",15,"white",1,24,0,0,"spring"
666,2021-06-08,"Noon",26,"white",1,24,0,0,"spring"
667,2021-06-08,"Evening",24,"white",1,24,0,0,"spring"
668,2021-06-10,"Morning",11,"white",1,23,0,2,"spring"
669,2021-06-10,"Noon",28,"white",1,23,0,2,"spring"
670,2021-06-10,"Evening",26,"white",1,23,0,2,"spring"
671,2021-06-11,"Morning",25,"white",1,23,0,0,"spring"
672,2021-06-11,"Noon",28,"white",1,23,0,0,"spring"
673,2021-06-12,"Morning",11,"white",1,24,1,0,"spring"
674,2021-06-12,"Noon",37,"white",1,24,1,0,"spring"
675,2021-06-12,"Evening",31,"white",1,24,1,0,"spring"
676,2021-06-13,"Morning",7,"white",1,24,1,0,"spring"
677,2021-06-13,"Noon",46,"white",1,24,1,0,"spring"
678,2021-06-14,"Morning",15,"white",1,23,0,0,"spring"
679,2021-06-14,"Evening",23,"white",1,23,0,0,"spring"
680,2021-06-15,"Morning",9,"white",1,23,0,0,"spring"
681,2021-06-15,"Noon",21,"white",1,23,0,0,"spring"
682,2021-06-15,"Evening",20,"white",1,23,0,0,"spring"
683,2021-06-16,"Morning",15,"white",1,24,0,0,"spring"
684,2021-06-16,"Noon",16,"white",1,24,0,0,"spring"
685,2021-06-16,"Evening",29,"white",1,24,0,0,"spring"
686,2021-06-17,"Morning",11,"white",1,25,0,0,"spring"
687,2021-06-17,"Noon",26,"white",1,25,0,0,"spring"
688,2021-06-17,"Evening",20,"white",1,25,0,0,"spring"
689,2021-06-18,"Morning",13,"white",1,25,0,0.2,"spring"
690,2021-06-18,"Noon",38,"white",1,25,0,0.2,"spring"
691,2021-06-18,"Evening",20,"white",1,25,0,0.2,"spring"
692,2021-06-19,"Morning",7,"white",1,26,1,0,"spring"
693,2021-06-19,"Noon",36,"white",1,26,1,0,"spring"
694,2021-06-20,"Morning",11,"white",1,26,1,0,"spring"
695,2021-06-20,"Noon",16,"white",1,26,1,0,"spring"
696,2021-06-20,"Evening",15,"white",1,26,1,0,"spring"
697,2021-06-21,"Morning",18,"white",1,27,0,0,"summer"
698,2021-06-21,"Noon",14,"white",1,27,0,0,"summer"
699,2021-06-22,"Morning",8,"white",1,26,0,0,"summer"
700,2021-06-22,"Evening",34,"white",1,26,0,0,"summer"
701,2021-06-23,"Morning",19,"white",1,26,0,0,"summer"
702,2021-06-23,"Noon",31,"white",1,26,0,0,"summer"
703,2021-06-24,"Morning",11,"white",1,27,0,0,"summer"
704,2021-06-24,"Noon",23,"white",1,27,0,0,"summer"
705,2021-06-24,"Evening",22,"white",1,27,0,0,"summer"
706,2021-06-26,"Morning",13,"white",1,25,1,0,"summer"
707,2021-06-26,"Noon",31,"white",1,25,1,0,"summer"
708,2021-06-26,"Evening",18,"white",1,25,1,0,"summer"
709,2021-06-27,"Morning",4,"white",1,26,1,0,"summer"
710,2021-06-28,"Morning",15,"white",1,26,0,0,"summer"
711,2021-06-29,"Morning",7,"white",1,26,0,0.6,"summer"
712,2021-06-29,"Noon",17,"white",1,26,0,0.6,"summer"
713,2021-06-29,"Evening",20,"white",1,26,0,0.6,"summer"
714,2021-06-30,"Noon",25,"white",1,25,0,0,"summer"
715,2021-07-01,"Morning",9,"white",1,24,0,0.8,"summer"
716,2021-07-01,"Noon",23,"white",1,24,0,0.8,"summer"
717,2021-07-01,"Evening",33,"white",1,24,0,0.8,"summer"
718,2021-07-03,"Morning",6,"white",1,25,1,0.2,"summer"
719,2021-07-03,"Noon",36,"white",1,25,1,0.2,"summer"
720,2021-07-04,"Morning",3,"white",1,22,1,42.4,"summer"
721,2021-07-04,"Noon",30,"white",1,22,1,42.4,"summer"
722,2021-07-05,"Morning",14,"white",1,23,0,0,"summer"
723,2021-07-05,"Evening",29,"white",1,23,0,0,"summer"
724,2021-07-06,"Morning",14,"white",1,25,0,0,"summer"
725,2021-07-06,"Noon",15,"white",1,25,0,0,"summer"
726,2021-07-07,"Morning",8,"white",1,26,0,0,"summer"
727,2021-07-07,"Noon",26,"white",1,26,0,0,"summer"
728,2021-07-07,"Evening",10,"white",1,26,0,0,"summer"
729,2021-07-08,"Morning",3,"white",1,26,0,0,"summer"
730,2021-07-08,"Noon",26,"white",1,26,0,0,"summer"
731,2021-07-08,"Evening",18,"white",1,26,0,0,"summer"
732,2021-07-09,"Morning",13,"white",1,24,0,0,"summer"
733,2021-07-09,"Noon",27,"white",1,24,0,0,"summer"
734,2021-07-09,"Evening",35,"white",1,24,0,0,"summer"
735,2021-07-10,"Morning",8,"white",1,26,1,0,"summer"
736,2021-07-10,"Noon",27,"white",1,26,1,0,"summer"
737,2021-07-11,"Morning",5,"white",1,27,1,0,"summer"
738,2021-07-12,"Morning",17,"white",1,26,0,0,"summer"
739,2021-07-12,"Noon",21,"white",1,26,0,0,"summer"
740,2021-07-12,"Evening",24,"white",1,26,0,0,"summer"
741,2021-07-13,"Morning",15,"white",1,25,0,0.2,"summer"
742,2021-07-13,"Noon",32,"white",1,25,0,0.2,"summer"
743,2021-07-13,"Evening",28,"white",1,25,0,0.2,"summer"
744,2021-07-15,"Morning",17,"white",1,23,0,0,"summer"
745,2021-07-15,"Noon",34,"white",1,23,0,0,"summer"
746,2021-07-15,"Evening",32,"white",1,23,0,0,"summer"
747,2021-07-16,"Morning",13,"white",1,22,1,1,"summer"
748,2021-07-16,"Noon",41,"white",1,22,1,1,"summer"
749,2021-07-16,"Evening",31,"white",1,22,1,1,"summer"
750,2021-07-17,"Morning",7,"white",1,24,1,0,"summer"
751,2021-07-17,"Noon",34,"white",1,24,1,0,"summer"
752,2021-07-17,"Evening",57,"white",1,24,1,0,"summer"
753,2021-07-18,"Morning",5,"white",1,26,1,0,"summer"
754,2021-07-18,"Noon",39,"white",1,26,1,0,"summer"
755,2021-07-18,"Evening",37,"white",1,26,1,0,"summer"
756,2021-07-22,"Morning",10,"white",1,25,0,3.8,"summer"
757,2021-07-22,"Noon",19,"white",1,25,0,3.8,"summer"
758,2021-07-22,"Evening",31,"white",1,25,0,3.8,"summer"
759,2021-07-24,"Morning",8,"white",1,26,1,0,"summer"
760,2021-07-24,"Noon",34,"white",1,26,1,0,"summer"
761,2021-07-24,"Evening",39,"white",1,26,1,0,"summer"
762,2021-07-25,"Morning",11,"white",1,26,1,0,"summer"
763,2021-07-25,"Noon",47,"white",1,26,1,0,"summer"
764,2021-07-26,"Morning",7,"white",1,25,0,0,"summer"
765,2021-07-26,"Noon",43,"white",1,25,0,0,"summer"
766,2021-07-26,"Evening",30,"white",1,25,0,0,"summer"
767,2021-07-27,"Morning",15,"white",1,23,0,4.2,"summer"
768,2021-07-27,"Noon",43,"white",1,23,0,4.2,"summer"
769,2021-07-27,"Evening",50,"white",1,23,0,4.2,"summer"
770,2021-07-28,"Morning",11,"white",1,24,0,0.2,"summer"
771,2021-07-28,"Noon",32,"white",1,24,0,0.2,"summer"
772,2021-07-28,"Evening",35,"white",1,24,0,0.2,"summer"
773,2021-07-29,"Morning",12,"white",1,26,0,0,"summer"
774,2021-07-29,"Noon",42,"white",1,26,0,0,"summer"
775,2021-07-29,"Evening",20,"white",1,26,0,0,"summer"
776,2021-07-30,"Evening",38,"white",1,27,0,0,"summer"
777,2021-07-31,"Morning",10,"white",1,26,1,0,"summer"
778,2021-07-31,"Noon",44,"white",1,26,1,0,"summer"
779,2021-07-31,"Evening",23,"white",1,26,1,0,"summer"
780,2021-08-01,"Morning",5,"white",1,24,1,0,"summer"
781,2021-08-01,"Noon",36,"white",1,24,1,0,"summer"
782,2021-08-01,"Evening",33,"white",1,24,1,0,"summer"
783,2021-08-10,"Morning",8,"white",1,26,0,0,"summer"
784,2021-08-10,"Noon",39,"white",1,26,0,0,"summer"
785,2021-08-10,"Evening",23,"white",1,26,0,0,"summer"
786,2021-08-11,"Morning",7,"white",1,28,0,0,"summer"
787,2021-08-12,"Morning",11,"white",1,27,0,0,"summer"
788,2021-08-12,"Noon",34,"white",1,27,0,0,"summer"
789,2021-08-12,"Evening",32,"white",1,27,0,0,"summer"
790,2021-08-13,"Morning",16,"white",1,28,0,0,"summer"
791,2021-08-13,"Noon",32,"white",1,28,0,0,"summer"
792,2021-08-14,"Morning",9,"white",1,29,1,0,"summer"
793,2021-08-14,"Noon",35,"white",1,29,1,0,"summer"
794,2021-08-14,"Evening",29,"white",1,29,1,0,"summer"
795,2021-08-15,"Morning",6,"white",1,28,1,0,"summer"
796,2021-08-15,"Noon",39,"white",1,28,1,0,"summer"
797,2021-08-16,"Morning",6,"white",1,26,0,2,"summer"
798,2021-08-16,"Noon",36,"white",1,26,0,2,"summer"
799,2021-08-16,"Evening",33,"white",1,26,0,2,"summer"
800,2021-08-17,"Morning",23,"white",1,24,0,0,"summer"
801,2021-08-17,"Noon",49,"white",1,24,0,0,"summer"
802,2021-08-17,"Evening",23,"white",1,24,0,0,"summer"
803,2021-08-18,"Morning",7,"white",1,23,0,0,"summer"
804,2021-08-18,"Evening",43,"white",1,23,0,0,"summer"
805,2021-08-19,"Noon",50,"white",1,24,0,0,"summer"
806,2021-08-19,"Evening",19,"white",1,24,0,0,"summer"
807,2021-08-21,"Morning",5,"white",1,25,1,0,"summer"
808,2021-08-21,"Noon",29,"white",1,25,1,0,"summer"
809,2021-08-21,"Evening",34,"white",1,25,1,0,"summer"
810,2021-08-23,"Morning",9,"white",1,22,0,3.6,"summer"
811,2021-08-23,"Noon",40,"white",1,22,0,3.6,"summer"
812,2021-08-23,"Evening",51,"white",1,22,0,3.6,"summer"
813,2021-08-24,"Morning",7,"white",1,23,0,0,"summer"
814,2021-08-24,"Noon",45,"white",1,23,0,0,"summer"
815,2021-08-25,"Evening",25,"white",1,22,0,0,"summer"
816,2021-08-27,"Morning",19,"white",1,19,0,3.6,"summer"
817,2021-08-27,"Noon",33,"white",1,19,0,3.6,"summer"
818,2021-08-27,"Evening",48,"white",1,19,0,3.6,"summer"
819,2021-08-28,"Morning",10,"white",1,20,1,0,"summer"
820,2021-08-28,"Noon",31,"white",1,20,1,0,"summer"
821,2021-09-08,"Morning",12,"white",1,22,0,0,"summer"
822,2021-09-08,"Evening",35,"white",1,22,0,0,"summer"
823,2021-09-09,"Morning",7,"white",1,21,0,0,"summer"
824,2021-09-09,"Noon",34,"white",1,21,0,0,"summer"
825,2021-09-09,"Evening",36,"white",1,21,0,0,"summer"
826,2021-09-10,"Morning",11,"white",1,20,0,0,"summer"
827,2021-09-10,"Noon",37,"white",1,20,0,0,"summer"
828,2021-09-11,"Morning",9,"white",1,21,1,0,"summer"
829,2021-09-11,"Noon",48,"white",1,21,1,0,"summer"
830,2021-09-12,"Morning",6,"white",1,22,1,0,"summer"
831,2021-09-12,"Noon",59,"white",1,22,1,0,"summer"
832,2021-09-12,"Evening",30,"white",1,22,1,0,"summer"
833,2021-09-13,"Evening",30,"white",1,23,0,0,"summer"
834,2021-09-14,"Morning",22,"white",1,23,0,0,"summer"
835,2021-09-14,"Noon",27,"white",1,23,0,0,"summer"
836,2021-09-15,"Morning",19,"white",1,23,0,0,"summer"
837,2021-09-15,"Evening",30,"white",1,23,0,0,"summer"
838,2021-09-16,"Morning",14,"white",1,21,0,1.6,"summer"
839,2021-09-16,"Noon",9,"white",1,21,0,1.6,"summer"
840,2021-09-16,"Evening",28,"white",1,21,0,1.6,"summer"
841,2021-09-17,"Morning",21,"white",1,21,0,5,"summer"
842,2021-09-17,"Noon",40,"white",1,21,0,5,"summer"
843,2021-09-17,"Evening",37,"white",1,21,0,5,"summer"
844,2021-09-18,"Morning",7,"white",1,21,1,0,"summer"
845,2021-09-18,"Noon",32,"white",1,21,1,0,"summer"
846,2021-09-19,"Morning",7,"white",1,19,1,0.6,"summer"
847,2021-09-19,"Noon",42,"white",1,19,1,0.6,"summer"
848,2021-09-20,"Morning",6,"white",1,19,0,0,"summer"
849,2021-09-20,"Noon",28,"white",1,19,0,0,"summer"
850,2021-09-20,"Evening",29,"white",1,19,0,0,"summer"
851,2021-09-22,"Morning",17,"white",1,18,0,0,"summer"
852,2021-09-22,"Noon",38,"white",1,18,0,0,"summer"
853,2021-09-22,"Evening",25,"white",1,18,0,0,"summer"
854,2021-09-23,"Morning",20,"white",1,18,0,0,"autumn"
855,2021-09-23,"Noon",21,"white",1,18,0,0,"autumn"
856,2021-09-24,"Morning",10,"white",1,19,0,0,"autumn"
857,2021-09-24,"Noon",42,"white",1,19,0,0,"autumn"
858,2021-09-24,"Evening",34,"white",1,19,0,0,"autumn"
859,2021-09-25,"Morning",2,"white",1,20,1,0,"autumn"
860,2021-09-25,"Noon",54,"white",1,20,1,0,"autumn"
861,2021-09-25,"Evening",42,"white",1,20,1,0,"autumn"
862,2021-09-26,"Morning",8,"white",1,20,1,3.8,"autumn"
863,2021-09-26,"Noon",34,"white",1,20,1,3.8,"autumn"
864,2021-09-26,"Evening",18,"white",1,20,1,3.8,"autumn"
865,2021-09-29,"Morning",19,"white",1,21,0,0,"autumn"
866,2021-09-29,"Noon",32,"white",1,21,0,0,"autumn"
867,2021-09-29,"Evening",27,"white",1,21,0,0,"autumn"
868,2021-10-01,"Morning",9,"white",1,17,0,0,"autumn"
869,2021-10-01,"Noon",42,"white",1,17,0,0,"autumn"
870,2021-10-01,"Evening",47,"white",1,17,0,0,"autumn"
871,2021-10-02,"Morning",4,"white",1,17,1,0,"autumn"
872,2021-10-02,"Noon",50,"white",1,17,1,0,"autumn"
873,2021-10-02,"Evening",47,"white",1,17,1,0,"autumn"
874,2021-10-03,"Morning",6,"white",1,19,1,0,"autumn"
875,2021-10-03,"Noon",41,"white",1,19,1,0,"autumn"
876,2021-10-03,"Evening",34,"white",1,19,1,0,"autumn"
877,2021-10-06,"Morning",11,"white",1,17,0,6.2,"autumn"
878,2021-10-06,"Noon",30,"white",1,17,0,6.2,"autumn"
879,2021-10-08,"Morning",9,"white",1,16,0,0,"autumn"
880,2021-10-08,"Noon",50,"white",1,16,0,0,"autumn"
881,2021-10-08,"Evening",57,"white",1,16,0,0,"autumn"
882,2021-10-09,"Morning",12,"white",1,14,1,0,"autumn"
883,2021-10-09,"Noon",49,"white",1,14,1,0,"autumn"
884,2021-10-09,"Evening",59,"white",1,14,1,0,"autumn"
885,2021-10-10,"Morning",3,"white",1,12,1,0,"autumn"
886,2021-10-10,"Noon",75,"white",1,12,1,0,"autumn"
887,2021-10-10,"Evening",39,"white",1,12,1,0,"autumn"
888,2021-10-15,"Morning",20,"white",1,11,0,0,"autumn"
889,2021-10-15,"Noon",30,"white",1,11,0,0,"autumn"
890,2021-10-15,"Evening",47,"white",1,11,0,0,"autumn"
891,2021-10-16,"Morning",5,"white",1,13,1,0,"autumn"
892,2021-10-16,"Noon",47,"white",1,13,1,0,"autumn"
893,2021-10-16,"Evening",40,"white",1,13,1,0,"autumn"
894,2021-10-17,"Morning",6,"white",1,13,1,0,"autumn"
895,2021-10-17,"Noon",41,"white",1,13,1,0,"autumn"
896,2021-10-20,"Evening",38,"white",1,13,0,0,"autumn"
897,2021-10-22,"Morning",15,"white",1,14,0,0,"autumn"
898,2021-10-23,"Morning",11,"white",1,14,1,0,"autumn"
899,2021-10-23,"Noon",48,"white",1,14,1,0,"autumn"
900,2021-10-23,"Evening",45,"white",1,14,1,0,"autumn"
901,2021-10-24,"Morning",7,"white",1,12,1,0,"autumn"
902,2021-10-24,"Noon",40,"white",1,12,1,0,"autumn"
903,2021-10-24,"Evening",36,"white",1,12,1,0,"autumn"
904,2021-10-27,"Morning",17,"white",1,12,0,0,"autumn"
905,2021-10-27,"Noon",67,"white",1,12,0,0,"autumn"
906,2021-10-27,"Evening",39,"white",1,12,0,0,"autumn"
907,2021-10-28,"Evening",40,"white",1,12,0,0,"autumn"
908,2021-10-29,"Morning",20,"white",1,11,0,0,"autumn"
909,2021-10-29,"Noon",34,"white",1,11,0,0,"autumn"
910,2021-10-29,"Evening",37,"white",1,11,0,0,"autumn"
911,2021-10-30,"Morning",11,"white",1,11,1,0,"autumn"
912,2021-10-30,"Evening",46,"white",1,11,1,0,"autumn"
913,2021-10-31,"Morning",8,"white",1,11,1,0,"autumn"
914,2021-10-31,"Evening",56,"white",1,11,1,0,"autumn"
915,2021-11-01,"Morning",7,"white",1,16,1,29.8,"autumn"
916,2021-11-01,"Evening",5,"white",0,16,1,29.8,"autumn"
917,2021-11-03,"Morning",13,"white",1,12,0,2.6,"autumn"
918,2021-11-03,"Noon",29,"white",1,12,0,2.6,"autumn"
919,2021-11-03,"Evening",28,"white",0,12,0,2.6,"autumn"
920,2021-11-05,"Morning",22,"white",1,11,0,0,"autumn"
921,2021-11-05,"Noon",27,"white",1,11,0,0,"autumn"
922,2021-11-06,"Morning",11,"white",1,11,1,0,"autumn"
923,2021-11-07,"Morning",5,"white",1,10,1,0,"autumn"
924,2021-11-07,"Noon",44,"white",1,10,1,0,"autumn"
925,2021-11-09,"Evening",26,"white",0,10,0,0,"autumn"
926,2021-11-10,"Morning",13,"white",1,11,0,0,"autumn"
927,2021-11-12,"Morning",12,"white",1,11,0,0,"autumn"
928,2021-11-12,"Noon",42,"white",1,11,0,0,"autumn"
929,2021-11-12,"Evening",12,"white",1,11,0,0,"autumn"
930,2021-11-13,"Morning",7,"white",1,11,1,3.8,"autumn"
931,2021-11-13,"Noon",45,"white",1,11,1,3.8,"autumn"
932,2021-11-14,"Morning",2,"white",1,13,1,5.6,"autumn"
933,2021-11-14,"Evening",17,"white",0,13,1,5.6,"autumn"
934,2021-11-17,"Morning",11,"white",1,11,0,0,"autumn"
935,2021-11-17,"Noon",32,"white",1,11,0,0,"autumn"
936,2021-11-17,"Evening",23,"white",0,11,0,0,"autumn"
937,2021-11-19,"Morning",13,"white",1,9,0,0,"autumn"
938,2021-11-20,"Morning",10,"white",1,7,1,0,"autumn"
939,2021-11-20,"Noon",49,"white",1,7,1,0,"autumn"
940,2021-11-20,"Evening",23,"white",0,7,1,0,"autumn"
941,2021-11-21,"Morning",4,"white",1,7,1,0,"autumn"
942,2021-11-21,"Noon",30,"white",1,7,1,0,"autumn"
943,2021-11-21,"Evening",20,"white",0,7,1,0,"autumn"
944,2021-11-24,"Morning",16,"white",1,6,0,0,"autumn"
945,2021-11-24,"Noon",20,"white",1,6,0,0,"autumn"
946,2021-11-24,"Evening",25,"white",0,6,0,0,"autumn"
947,2021-11-25,"Morning",20,"white",1,6,0,3.4,"autumn"
948,2021-11-25,"Noon",17,"white",1,6,0,3.4,"autumn"
949,2021-11-25,"Evening",17,"white",0,6,0,3.4,"autumn"
950,2021-11-27,"Evening",23,"white",0,9,1,4.2,"autumn"
951,2021-11-28,"Morning",6,"white",1,7,1,4.6,"autumn"
952,2021-11-28,"Noon",34,"white",1,7,1,4.6,"autumn"
953,2021-11-28,"Evening",8,"white",0,7,1,4.6,"autumn"
954,2021-11-29,"Morning",26,"white",1,5,0,0,"autumn"
955,2021-11-29,"Noon",34,"white",1,5,0,0,"autumn"
956,2021-11-29,"Evening",25,"white",0,5,0,0,"autumn"
957,2021-11-30,"Morning",23,"white",1,4,0,0,"autumn"
958,2021-11-30,"Noon",30,"white",1,4,0,0,"autumn"
959,2021-11-30,"Evening",13,"white",0,4,0,0,"autumn"
960,2021-12-01,"Morning",21,"white",1,5,0,0.2,"autumn"
961,2021-12-01,"Evening",4,"white",0,5,0,0.2,"autumn"
962,2021-12-03,"Morning",14,"white",1,6,0,0,"autumn"
963,2021-12-03,"Noon",35,"white",1,6,0,0,"autumn"
964,2021-12-03,"Evening",14,"white",0,6,0,0,"autumn"
965,2021-12-04,"Morning",9,"white",1,4,1,0,"autumn"
966,2021-12-04,"Noon",40,"white",1,4,1,0,"autumn"
967,2021-12-04,"Evening",20,"white",0,4,1,0,"autumn"
968,2021-12-05,"Morning",2,"white",1,5,1,1.6,"autumn"
969,2021-12-05,"Noon",45,"white",1,5,1,1.6,"autumn"
970,2021-12-06,"Morning",20,"white",1,5,0,0,"autumn"
971,2021-12-06,"Noon",36,"white",1,5,0,0,"autumn"
972,2021-12-10,"Morning",12,"white",1,5,0,0,"autumn"
973,2021-12-10,"Noon",29,"white",1,5,0,0,"autumn"
974,2021-12-10,"Evening",19,"white",0,5,0,0,"autumn"
975,2021-12-11,"Morning",4,"white",1,5,1,0,"autumn"
976,2021-12-11,"Noon",65,"white",1,5,1,0,"autumn"
977,2021-12-11,"Evening",9,"white",0,5,1,0,"autumn"
978,2021-12-12,"Morning",3,"white",1,3,1,0,"autumn"
979,2021-12-12,"Noon",38,"white",1,3,1,0,"autumn"
980,2021-12-12,"Evening",31,"white",0,3,1,0,"autumn"
981,2021-12-14,"Morning",24,"white",1,4,0,0,"autumn"
982,2021-12-14,"Noon",32,"white",1,4,0,0,"autumn"
983,2021-12-14,"Evening",9,"white",0,4,0,0,"autumn"
984,2021-12-17,"Noon",23,"white",1,3,0,0,"autumn"
985,2021-12-17,"Evening",4,"white",0,3,0,0,"autumn"
986,2021-12-18,"Morning",5,"white",1,3,1,0,"autumn"
987,2021-12-19,"Morning",10,"white",1,0,1,0,"autumn"
988,2021-12-19,"Noon",34,"white",1,0,1,0,"autumn"
989,2021-12-19,"Evening",5,"white",0,0,1,0,"autumn"
990,2021-12-20,"Morning",8,"yellow",1,4,0,0,"autumn"
991,2021-12-20,"Noon",27,"yellow",1,4,0,0,"autumn"
992,2021-12-20,"Evening",8,"yellow",0,4,0,0,"autumn"
993,2021-12-22,"Morning",17,"yellow",1,4,0,0,"winter"
994,2021-12-22,"Noon",35,"yellow",1,4,0,0,"winter"
995,2021-12-22,"Evening",20,"yellow",0,4,0,0,"winter"
996,2021-12-23,"Noon",42,"yellow",1,2,0,0,"winter"
997,2021-12-23,"Evening",7,"yellow",0,2,0,0,"winter"
998,2021-12-24,"Morning",8,"yellow",1,3,0,0,"winter"
999,2021-12-24,"Noon",25,"yellow",1,3,0,0,"winter"
1000,2021-12-24,"Evening",6,"yellow",0,3,0,0,"winter"
1001,2021-12-25,"Morning",3,"yellow",1,5,1,7.8,"winter"
1002,2021-12-25,"Evening",2,"yellow",0,5,1,7.8,"winter"
1003,2021-12-26,"Morning",4,"yellow",1,6,1,0.4,"winter"
1004,2021-12-27,"Morning",11,"yellow",1,6,0,0.2,"winter"
1005,2021-12-27,"Noon",54,"yellow",1,6,0,0.2,"winter"
1006,2021-12-27,"Evening",23,"yellow",0,6,0,0.2,"winter"
1007,2021-12-28,"Morning",13,"yellow",1,7,0,0.2,"winter"
1008,2021-12-28,"Noon",41,"yellow",1,7,0,0.2,"winter"
1009,2021-12-28,"Evening",16,"yellow",0,7,0,0.2,"winter"
1010,2021-12-29,"Morning",5,"yellow",1,6,0,0,"winter"
1011,2021-12-29,"Noon",30,"yellow",1,6,0,0,"winter"
1012,2021-12-29,"Evening",22,"yellow",0,6,0,0,"winter"
1013,2021-12-30,"Morning",11,"yellow",1,4,0,0,"winter"
1014,2021-12-30,"Noon",59,"yellow",1,4,0,0,"winter"
1015,2021-12-31,"Morning",3,"yellow",1,3,0,0.2,"winter"
1016,2021-12-31,"Noon",56,"yellow",1,3,0,0.2,"winter"
1017,2021-12-31,"Evening",12,"yellow",0,3,0,0.2,"winter"
1018,2022-01-01,"Morning",1,"yellow",1,2,1,0.2,"winter"
1019,2022-01-01,"Evening",5,"yellow",0,2,1,0.2,"winter"
1020,2022-01-02,"Morning",1,"yellow",1,3,1,0,"winter"
1021,2022-01-02,"Evening",24,"yellow",0,3,1,0,"winter"
1022,2022-01-03,"Morning",4,"yellow",1,6,0,0,"winter"
1023,2022-01-03,"Noon",37,"yellow",1,6,0,0,"winter"
1024,2022-01-03,"Evening",36,"yellow",0,6,0,0,"winter"
1025,2022-01-04,"Morning",3,"yellow",1,7,0,0,"winter"
1026,2022-01-04,"Noon",49,"yellow",0,7,0,0,"winter"
1027,2022-01-04,"Evening",20,"yellow",1,7,0,0,"winter"
1028,2022-01-09,"Morning",3,"yellow",1,2,1,0,"winter"
1029,2022-01-09,"Noon",33,"yellow",1,2,1,0,"winter"
1030,2022-01-09,"Evening",23,"yellow",0,2,1,0,"winter"
1031,2022-01-10,"Morning",16,"yellow",1,4,0,0,"winter"
1032,2022-01-10,"Noon",28,"yellow",1,4,0,0,"winter"
1033,2022-01-10,"Evening",20,"yellow",0,4,0,0,"winter"
1034,2022-01-11,"Morning",10,"yellow",1,4,0,0,"winter"
1035,2022-01-11,"Noon",19,"yellow",1,4,0,0,"winter"
1036,2022-01-11,"Evening",15,"yellow",0,4,0,0,"winter"
1037,2022-01-12,"Morning",11,"yellow",1,3,0,0,"winter"
1038,2022-01-12,"Noon",25,"yellow",1,3,0,0,"winter"
1039,2022-01-12,"Evening",20,"yellow",0,3,0,0,"winter"
1040,2022-01-14,"Morning",10,"yellow",1,2,0,0,"winter"
1041,2022-01-14,"Noon",26,"yellow",1,2,0,0,"winter"
1042,2022-01-15,"Noon",30,"yellow",1,4,1,0,"winter"
1043,2022-01-15,"Evening",29,"yellow",1,4,1,0,"winter"
1044,2022-01-16,"Morning",4,"yellow",1,4,1,0,"winter"
1045,2022-01-16,"Noon",37,"yellow",1,4,1,0,"winter"
1046,2022-01-16,"Evening",26,"yellow",0,4,1,0,"winter"
1047,2022-01-17,"Morning",18,"yellow",1,3,0,0,"winter"
1048,2022-01-17,"Evening",23,"yellow",1,3,0,0,"winter"
1049,2022-01-18,"Morning",10,"yellow",1,5,0,0,"winter"
1050,2022-01-18,"Noon",19,"yellow",1,5,0,0,"winter"
1051,2022-01-18,"Evening",21,"yellow",0,5,0,0,"winter"
1052,2022-01-20,"Morning",22,"yellow",1,4,0,0,"winter"
1053,2022-01-20,"Noon",42,"yellow",1,4,0,0,"winter"
1054,2022-01-22,"Morning",2,"yellow",1,0,1,0,"winter"
1055,2022-01-22,"Noon",31,"yellow",1,0,1,0,"winter"
1056,2022-01-22,"Evening",38,"yellow",1,0,1,0,"winter"
1057,2022-01-23,"Morning",1,"yellow",1,3,1,0,"winter"
1058,2022-01-23,"Noon",41,"yellow",1,3,1,0,"winter"
1059,2022-01-23,"Evening",52,"yellow",1,3,1,0,"winter"
1060,2022-01-24,"Morning",21,"yellow",1,3,0,0,"winter"
1061,2022-01-24,"Evening",31,"yellow",1,3,0,0,"winter"
1062,2022-01-25,"Morning",27,"yellow",1,4,0,0,"winter"
1063,2022-01-25,"Noon",24,"yellow",1,4,0,0,"winter"
1064,2022-01-25,"Evening",26,"yellow",0,4,0,0,"winter"
1065,2022-01-27,"Morning",14,"yellow",1,4,0,0,"winter"
1066,2022-01-27,"Noon",30,"yellow",1,4,0,0,"winter"
1067,2022-01-28,"Evening",27,"yellow",1,5,0,0,"winter"
1068,2022-01-29,"Morning",9,"yellow",1,4,1,0,"winter"
1069,2022-01-29,"Noon",29,"yellow",1,4,1,0,"winter"
1070,2022-01-29,"Evening",10,"yellow",0,4,1,0,"winter"
1071,2022-01-30,"Morning",1,"yellow",1,4,1,0,"winter"
1072,2022-01-30,"Noon",51,"yellow",1,4,1,0,"winter"
1073,2022-01-30,"Evening",41,"yellow",0,4,1,0,"winter"
1074,2022-01-31,"Morning",16,"yellow",1,3,0,0,"winter"
1075,2022-01-31,"Noon",33,"yellow",1,3,0,0,"winter"
1076,2022-01-31,"Evening",33,"yellow",1,3,0,0,"winter"
1077,2022-02-01,"Morning",13,"yellow",1,4,0,0,"winter"
1078,2022-02-01,"Noon",21,"yellow",1,4,0,0,"winter"
1079,2022-02-01,"Evening",28,"yellow",1,4,0,0,"winter"
1080,2022-02-02,"Morning",17,"yellow",1,5,0,0,"winter"
1081,2022-02-02,"Evening",26,"yellow",1,5,0,0,"winter"
1082,2022-02-03,"Morning",14,"yellow",1,6,0,0,"winter"
1083,2022-02-03,"Noon",36,"yellow",1,6,0,0,"winter"
1084,2022-02-03,"Evening",25,"yellow",1,6,0,0,"winter"
1085,2022-02-05,"Morning",9,"yellow",1,6,1,0,"winter"
1086,2022-02-05,"Noon",28,"yellow",1,6,1,0,"winter"
1087,2022-02-05,"Evening",35,"yellow",1,6,1,0,"winter"
1088,2022-02-06,"Morning",3,"yellow",1,4,1,0,"winter"
1089,2022-02-06,"Noon",59,"yellow",1,4,1,0,"winter"
1090,2022-02-06,"Evening",35,"yellow",1,4,1,0,"winter"
1091,2022-02-07,"Morning",15,"yellow",1,8,0,0,"winter"
1092,2022-02-07,"Noon",22,"yellow",1,8,0,0,"winter"
1093,2022-02-08,"Morning",15,"yellow",1,5,0,0,"winter"
1094,2022-02-08,"Noon",42,"yellow",1,5,0,0,"winter"
1095,2022-02-08,"Evening",40,"yellow",1,5,0,0,"winter"
1096,2022-02-10,"Morning",22,"yellow",1,5,0,0,"winter"
1097,2022-02-10,"Noon",25,"yellow",1,5,0,0,"winter"
1098,2022-02-10,"Evening",31,"yellow",1,5,0,0,"winter"
1099,2022-02-11,"Morning",12,"yellow",1,6,0,0,"winter"
1100,2022-02-11,"Noon",28,"yellow",1,6,0,0,"winter"
1101,2022-02-11,"Evening",35,"yellow",1,6,0,0,"winter"
1102,2022-02-12,"Morning",3,"yellow",1,7,1,0,"winter"
1103,2022-02-12,"Noon",30,"yellow",1,7,1,0,"winter"
1104,2022-02-12,"Evening",17,"yellow",1,7,1,0,"winter"
1105,2022-02-13,"Morning",6,"yellow",1,4,1,0,"winter"
1106,2022-02-13,"Noon",48,"yellow",1,4,1,0,"winter"
1107,2022-02-13,"Evening",64,"yellow",1,4,1,0,"winter"
1108,2022-02-14,"Noon",48,"yellow",1,4,0,0,"winter"
1109,2022-02-14,"Evening",34,"yellow",1,4,0,0,"winter"
1110,2022-02-15,"Morning",13,"yellow",1,6,0,8,"winter"
1111,2022-02-15,"Evening",30,"yellow",1,6,0,8,"winter"
1112,2022-02-17,"Morning",16,"yellow",1,6,0,0.2,"winter"
1113,2022-02-17,"Noon",30,"yellow",1,6,0,0.2,"winter"
1114,2022-02-17,"Evening",43,"yellow",1,6,0,0.2,"winter"
1115,2022-02-19,"Morning",14,"yellow",1,8,1,0,"winter"
1116,2022-02-19,"Noon",44,"yellow",1,8,1,0,"winter"
1117,2022-02-19,"Evening",49,"yellow",1,8,1,0,"winter"
1118,2022-02-20,"Morning",15,"yellow",1,9,1,0,"winter"
1119,2022-02-20,"Noon",48,"yellow",1,9,1,0,"winter"
1120,2022-02-20,"Evening",45,"yellow",1,9,1,0,"winter"
1121,2022-02-21,"Morning",16,"yellow",1,8,0,0,"winter"
1122,2022-02-21,"Noon",38,"yellow",1,8,0,0,"winter"
1123,2022-02-21,"Evening",31,"yellow",1,8,0,0,"winter"
1124,2022-02-22,"Morning",19,"yellow",1,7,0,0,"winter"
1125,2022-02-22,"Noon",38,"yellow",1,7,0,0,"winter"
1126,2022-02-22,"Evening",34,"yellow",1,7,0,0,"winter"
1127,2022-02-26,"Morning",13,"yellow",1,7,1,0,"winter"
1128,2022-02-27,"Morning",12,"yellow",1,7,1,0,"winter"
1129,2022-02-27,"Noon",75,"yellow",1,7,1,0,"winter"
1130,2022-03-01,"Morning",12,"white",1,5,0,0,"winter"
1131,2022-03-01,"Noon",41,"white",1,5,0,0,"winter"
1132,2022-03-05,"Morning",13,"white",1,6,1,0,"winter"
1133,2022-03-05,"Noon",39,"white",1,6,1,0,"winter"
1134,2022-03-06,"Morning",9,"white",1,5,1,0,"winter"
1135,2022-03-06,"Noon",54,"white",1,5,1,0,"winter"
1136,2022-03-08,"Morning",14,"white",1,6,0,0,"winter"
1137,2022-03-08,"Noon",42,"white",1,6,0,0,"winter"
1138,2022-03-08,"Evening",39,"white",1,6,0,0,"winter"
1139,2022-03-12,"Morning",14,"white",1,4,1,0,"winter"
1140,2022-03-12,"Evening",50,"white",1,4,1,0,"winter"
1141,2022-03-13,"Morning",11,"white",1,4,1,0,"winter"
1142,2022-03-13,"Noon",45,"white",1,4,1,0,"winter"
1143,2022-03-15,"Morning",20,"white",1,8,0,0,"winter"
1144,2022-03-15,"Noon",33,"white",1,8,0,0,"winter"
1145,2022-03-15,"Evening",34,"white",1,8,0,0,"winter"
1146,2022-03-16,"Morning",17,"white",1,9,0,0,"winter"
1147,2022-03-16,"Evening",27,"white",1,9,0,0,"winter"
1148,2022-03-19,"Morning",19,"white",1,8,1,0,"winter"
1149,2022-03-20,"Morning",9,"white",1,9,1,0,"winter"
1150,2022-03-20,"Noon",36,"white",1,9,1,0,"winter"
1151,2022-03-20,"Evening",53,"white",1,9,1,0,"winter"
1152,2022-03-22,"Morning",20,"white",1,9,0,0,"spring"
1153,2022-03-22,"Noon",47,"white",1,9,0,0,"spring"
1154,2022-03-22,"Evening",36,"white",1,9,0,0,"spring"
1155,2022-03-25,"Morning",21,"white",1,12,0,0,"spring"
1156,2022-03-25,"Noon",32,"white",1,12,0,0,"spring"
1157,2022-03-25,"Evening",43,"white",1,12,0,0,"spring"
1158,2022-03-27,"Morning",6,"white",1,12,1,0,"spring"
1159,2022-03-27,"Noon",80,"white",1,12,1,0,"spring"
1160,2022-03-27,"Evening",30,"white",1,12,1,0,"spring"
1161,2022-04-01,"Morning",11,"no-emergency",1,11,0,4.2,"spring"
1162,2022-04-01,"Noon",48,"no-emergency",1,11,0,4.2,"spring"
1163,2022-04-01,"Evening",24,"no-emergency",1,11,0,4.2,"spring"
1164,2022-04-02,"Morning",8,"no-emergency",1,8,1,4.4,"spring"
1165,2022-04-02,"Noon",66,"no-emergency",1,8,1,4.4,"spring"
1166,2022-04-03,"Morning",9,"no-emergency",1,9,1,0,"spring"
1167,2022-04-03,"Evening",63,"no-emergency",1,9,1,0,"spring"
1168,2022-04-05,"Morning",15,"no-emergency",1,9,0,0,"spring"
1169,2022-04-05,"Noon",36,"no-emergency",1,9,0,0,"spring"
1170,2022-04-05,"Evening",27,"no-emergency",1,9,0,0,"spring"
1171,2022-04-08,"Morning",29,"no-emergency",1,13,0,0,"spring"
1172,2022-04-08,"Noon",39,"no-emergency",1,13,0,0,"spring"
1173,2022-04-08,"Evening",41,"no-emergency",1,13,0,0,"spring"
1174,2022-04-09,"Morning",16,"no-emergency",1,11,1,10.2,"spring"
1175,2022-04-09,"Noon",44,"no-emergency",1,11,1,10.2,"spring"
1176,2022-04-09,"Evening",28,"no-emergency",1,11,1,10.2,"spring"
1177,2022-04-10,"Morning",6,"no-emergency",1,9,1,0,"spring"
1178,2022-04-10,"Evening",48,"no-emergency",1,9,1,0,"spring"
1179,2022-04-19,"Morning",17,"no-emergency",1,12,0,0,"spring"
1180,2022-04-19,"Noon",48,"no-emergency",1,12,0,0,"spring"
1181,2022-04-19,"Evening",62,"no-emergency",1,12,0,0,"spring"
1182,2022-04-22,"Morning",9,"no-emergency",1,12,0,17.2,"spring"
1183,2022-04-22,"Noon",27,"no-emergency",1,12,0,17.2,"spring"
1184,2022-04-22,"Evening",43,"no-emergency",1,12,0,17.2,"spring"
1185,2022-04-23,"Evening",43,"no-emergency",1,13,1,0.8,"spring"
1186,2022-04-24,"Morning",12,"no-emergency",1,13,1,2.2,"spring"
1187,2022-04-24,"Noon",62,"no-emergency",1,13,1,2.2,"spring"
1188,2022-04-25,"Morning",6,"no-emergency",1,13,1,0,"spring"
1189,2022-04-25,"Noon",53,"no-emergency",1,13,1,0,"spring"
1190,2022-04-25,"Evening",57,"no-emergency",1,13,1,0,"spring"
1191,2022-04-28,"Morning",13,"no-emergency",1,16,0,0,"spring"
1192,2022-04-28,"Noon",35,"no-emergency",1,16,0,0,"spring"
1193,2022-04-29,"Morning",12,"no-emergency",1,17,0,0,"spring"
1194,2022-04-29,"Noon",27,"no-emergency",1,17,0,0,"spring"
1195,2022-04-29,"Evening",57,"no-emergency",1,17,0,0,"spring"
1196,2022-04-30,"Morning",6,"no-emergency",1,17,1,0,"spring"
1197,2022-04-30,"Noon",34,"no-emergency",1,17,1,0,"spring"
1198,2022-05-01,"Morning",13,"no-emergency",1,17,1,0,"spring"
1199,2022-05-01,"Noon",50,"no-emergency",1,17,1,0,"spring"
1200,2022-05-01,"Evening",55,"no-emergency",1,17,1,0,"spring"
1201,2022-05-06,"Morning",9,"no-emergency",1,14,0,12,"spring"
1202,2022-05-06,"Noon",20,"no-emergency",1,14,0,12,"spring"
1203,2022-05-06,"Evening",22,"no-emergency",1,14,0,12,"spring"
1204,2022-05-07,"Morning",15,"no-emergency",1,16,1,2,"spring"
1205,2022-05-07,"Noon",48,"no-emergency",1,16,1,2,"spring"
1206,2022-05-07,"Evening",65,"no-emergency",1,16,1,2,"spring"
1207,2022-05-08,"Morning",13,"no-emergency",1,18,1,0,"spring"
1208,2022-05-08,"Noon",55,"no-emergency",1,18,1,0,"spring"
1209,2022-05-08,"Evening",53,"no-emergency",1,18,1,0,"spring"
1210,2022-05-10,"Morning",15,"no-emergency",1,20,0,0,"spring"
1211,2022-05-12,"Morning",20,"no-emergency",1,21,0,0,"spring"
1212,2022-05-12,"Noon",32,"no-emergency",1,21,0,0,"spring"
1213,2022-05-13,"Morning",21,"no-emergency",1,21,0,0,"spring"
1214,2022-05-13,"Noon",48,"no-emergency",1,21,0,0,"spring"
1215,2022-05-13,"Evening",45,"no-emergency",1,21,0,0,"spring"
1216,2022-05-14,"Morning",10,"no-emergency",1,22,1,0,"spring"
1217,2022-05-14,"Evening",23,"no-emergency",1,22,1,0,"spring"
1218,2022-05-15,"Morning",12,"no-emergency",1,22,1,0,"spring"
1219,2022-05-15,"Evening",30,"no-emergency",1,22,1,0,"spring"
1220,2022-05-17,"Morning",22,"no-emergency",1,22,0,0.2,"spring"
1221,2022-05-17,"Noon",26,"no-emergency",1,22,0,0.2,"spring"
1222,2022-05-17,"Evening",30,"no-emergency",1,22,0,0.2,"spring"
1223,2022-05-19,"Morning",12,"no-emergency",1,20,0,0,"spring"
1224,2022-05-19,"Noon",44,"no-emergency",1,20,0,0,"spring"
1225,2022-05-19,"Evening",35,"no-emergency",1,20,0,0,"spring"
1226,2022-05-20,"Morning",26,"no-emergency",1,20,0,0,"spring"
1227,2022-05-20,"Noon",29,"no-emergency",1,20,0,0,"spring"
1228,2022-05-20,"Evening",35,"no-emergency",1,20,0,0,"spring"
1229,2022-05-21,"Morning",15,"no-emergency",1,22,1,0,"spring"
1230,2022-05-21,"Evening",56,"no-emergency",1,22,1,0,"spring"
1231,2022-05-22,"Morning",10,"no-emergency",1,23,1,0,"spring"
1232,2022-05-22,"Noon",40,"no-emergency",1,23,1,0,"spring"
1233,2022-05-22,"Evening",47,"no-emergency",1,23,1,0,"spring"
1234,2022-05-27,"Morning",13,"no-emergency",1,23,0,0,"spring"
1235,2022-05-27,"Noon",59,"no-emergency",1,23,0,0,"spring"
1236,2022-05-27,"Evening",39,"no-emergency",1,23,0,0,"spring"
1237,2022-05-28,"Morning",16,"no-emergency",1,20,1,4,"spring"
1238,2022-05-28,"Evening",46,"no-emergency",1,20,1,4,"spring"
1239,2022-05-29,"Morning",10,"no-emergency",1,16,1,0,"spring"
1240,2022-05-29,"Evening",61,"no-emergency",1,16,1,0,"spring"
1241,2022-05-30,"Morning",11,"no-emergency",1,16,0,0,"spring"
1242,2022-06-02,"Morning",7,"no-emergency",1,23,1,0,"spring"
1243,2022-06-02,"Noon",52,"no-emergency",1,23,1,0,"spring"
1244,2022-06-02,"Evening",50,"no-emergency",1,23,1,0,"spring"
1245,2022-06-03,"Morning",23,"no-emergency",1,23,0,0.4,"spring"
1246,2022-06-03,"Noon",47,"no-emergency",1,23,0,0.4,"spring"
1247,2022-06-04,"Morning",5,"no-emergency",1,23,1,0,"spring"
1248,2022-06-04,"Noon",57,"no-emergency",1,23,1,0,"spring"
1249,2022-06-04,"Evening",58,"no-emergency",1,23,1,0,"spring"
1250,2022-06-05,"Morning",7,"no-emergency",1,25,1,0,"spring"
1251,2022-06-05,"Noon",50,"no-emergency",1,25,1,0,"spring"
1252,2022-06-06,"Morning",17,"no-emergency",1,24,0,0,"spring"
1253,2022-06-06,"Noon",52,"no-emergency",1,24,0,0,"spring"
1254,2022-06-07,"Morning",30,"no-emergency",1,22,0,1,"spring"
1255,2022-06-07,"Evening",37,"no-emergency",1,22,0,1,"spring"
1256,2022-06-09,"Morning",12,"no-emergency",1,19,0,2.4,"spring"
1257,2022-06-09,"Noon",32,"no-emergency",1,19,0,2.4,"spring"
1258,2022-06-09,"Evening",39,"no-emergency",1,19,0,2.4,"spring"
1259,2022-06-10,"Morning",20,"no-emergency",1,23,0,0,"spring"
1260,2022-06-10,"Noon",55,"no-emergency",1,23,0,0,"spring"
1261,2022-06-10,"Evening",43,"no-emergency",1,23,0,0,"spring"
1262,2022-06-11,"Morning",18,"no-emergency",1,24,1,0,"spring"
1263,2022-06-12,"Morning",9,"no-emergency",1,25,1,0,"spring"
1264,2022-06-12,"Noon",44,"no-emergency",1,25,1,0,"spring"
1265,2022-06-13,"Morning",8,"no-emergency",1,24,0,0,"spring"
1266,2022-06-13,"Noon",25,"no-emergency",1,24,0,0,"spring"
1267,2022-06-14,"Morning",17,"no-emergency",1,24,0,0,"spring"
1268,2022-06-14,"Noon",38,"no-emergency",1,24,0,0,"spring"
1269,2022-06-14,"Evening",37,"no-emergency",1,24,0,0,"spring"
1270,2022-06-18,"Noon",53,"no-emergency",1,25,1,0,"spring"
1271,2022-06-18,"Evening",44,"no-emergency",1,25,1,0,"spring"
1272,2022-06-19,"Morning",3,"no-emergency",1,25,1,0,"spring"
1273,2022-06-19,"Noon",43,"no-emergency",1,25,1,0,"spring"
1274,2022-06-19,"Evening",49,"no-emergency",1,25,1,0,"spring"
1275,2022-06-20,"Morning",19,"no-emergency",1,25,0,0,"spring"
1276,2022-06-20,"Evening",23,"no-emergency",1,25,0,0,"spring"
1277,2022-06-24,"Noon",37,"no-emergency",1,25,0,0,"summer"
1278,2022-06-24,"Evening",43,"no-emergency",1,25,0,0,"summer"
1279,2022-06-25,"Morning",13,"no-emergency",1,26,1,0,"summer"
1280,2022-06-25,"Evening",42,"no-emergency",1,26,1,0,"summer"
1281,2022-06-26,"Morning",9,"no-emergency",1,24,1,0,"summer"
1282,2022-06-26,"Noon",47,"no-emergency",1,24,1,0,"summer"
1283,2022-06-27,"Morning",14,"no-emergency",1,27,0,0,"summer"
1284,2022-06-27,"Noon",41,"no-emergency",1,27,0,0,"summer"
1285,2022-06-27,"Evening",32,"no-emergency",1,27,0,0,"summer"
1286,2022-06-29,"Morning",20,"no-emergency",1,25,0,8.2,"summer"
1287,2022-06-29,"Noon",31,"no-emergency",1,25,0,8.2,"summer"
1288,2022-06-29,"Evening",31,"no-emergency",1,25,0,8.2,"summer"
1289,2022-06-30,"Morning",23,"no-emergency",1,26,0,0,"summer"
1290,2022-06-30,"Evening",38,"no-emergency",1,26,0,0,"summer"
1291,2022-07-02,"Morning",9,"no-emergency",1,27,1,0,"summer"
1292,2022-07-02,"Noon",29,"no-emergency",1,27,1,0,"summer"
1293,2022-07-02,"Evening",38,"no-emergency",1,27,1,0,"summer"
1294,2022-07-03,"Morning",13,"no-emergency",1,28,1,0,"summer"
1295,2022-07-03,"Noon",34,"no-emergency",1,28,1,0,"summer"
1296,2022-07-03,"Evening",30,"no-emergency",1,28,1,0,"summer"
1297,2022-07-04,"Morning",4,"no-emergency",1,29,0,0,"summer"
1298,2022-07-04,"Noon",45,"no-emergency",1,29,0,0,"summer"
1299,2022-07-05,"Morning",14,"no-emergency",1,27,0,0,"summer"
1300,2022-07-05,"Noon",40,"no-emergency",1,27,0,0,"summer"
1301,2022-07-05,"Evening",28,"no-emergency",1,27,0,0,"summer"
1302,2022-07-08,"Morning",15,"no-emergency",1,24,0,0,"summer"
1303,2022-07-08,"Noon",46,"no-emergency",1,24,0,0,"summer"
1304,2022-07-09,"Morning",13,"no-emergency",1,25,1,0,"summer"
1305,2022-07-09,"Noon",55,"no-emergency",1,25,1,0,"summer"
1306,2022-07-10,"Morning",10,"no-emergency",1,25,1,0,"summer"
1307,2022-07-11,"Morning",13,"no-emergency",1,24,0,0,"summer"
1308,2022-07-11,"Noon",31,"no-emergency",1,24,0,0,"summer"
1309,2022-07-12,"Morning",15,"no-emergency",1,25,0,0,"summer"
1310,2022-07-12,"Noon",50,"no-emergency",1,25,0,0,"summer"
1311,2022-07-14,"Morning",11,"no-emergency",1,26,0,0,"summer"
1312,2022-07-14,"Evening",43,"no-emergency",1,26,0,0,"summer"
1313,2022-07-16,"Morning",13,"no-emergency",1,27,1,0,"summer"
1314,2022-07-16,"Noon",51,"no-emergency",1,27,1,0,"summer"
1315,2022-07-16,"Evening",58,"no-emergency",1,27,1,0,"summer"
1316,2022-07-17,"Morning",5,"no-emergency",1,27,1,0,"summer"
1317,2022-07-17,"Noon",48,"no-emergency",1,27,1,0,"summer"
1318,2022-07-18,"Morning",13,"no-emergency",1,27,0,0,"summer"
1319,2022-07-18,"Noon",41,"no-emergency",1,27,0,0,"summer"
1320,2022-07-18,"Evening",51,"no-emergency",1,27,0,0,"summer"
1321,2022-07-19,"Morning",15,"no-emergency",1,28,0,0,"summer"
1322,2022-07-19,"Noon",39,"no-emergency",1,28,0,0,"summer"
1323,2022-07-19,"Evening",35,"no-emergency",1,28,0,0,"summer"
1324,2022-07-22,"Morning",13,"no-emergency",1,29,0,0,"summer"
1325,2022-07-22,"Noon",34,"no-emergency",1,29,0,0,"summer"
1326,2022-07-24,"Morning",9,"no-emergency",1,29,1,0,"summer"
1327,2022-07-24,"Noon",53,"no-emergency",1,29,1,0,"summer"
1328,2022-07-24,"Evening",35,"no-emergency",1,29,1,0,"summer"
1329,2022-07-25,"Noon",40,"no-emergency",1,30,0,0,"summer"
1330,2022-07-26,"Morning",12,"no-emergency",1,28,0,0,"summer"
1331,2022-07-26,"Noon",45,"no-emergency",1,28,0,0,"summer"
1332,2022-07-26,"Evening",62,"no-emergency",1,28,0,0,"summer"
1333,2022-07-27,"Morning",3,"no-emergency",1,26,0,0.6,"summer"
1334,2022-07-27,"Morning",3,"no-emergency",1,26,0,0.6,"summer"
1335,2022-07-27,"Morning",24,"no-emergency",1,26,0,0.6,"summer"
1336,2022-07-27,"Noon",51,"no-emergency",1,26,0,0.6,"summer"
1337,2022-07-27,"Evening",47,"no-emergency",1,26,0,0.6,"summer"
1338,2022-07-28,"Morning",20,"no-emergency",1,27,0,0,"summer"
1339,2022-07-28,"Noon",45,"no-emergency",1,27,0,0,"summer"
1340,2022-07-28,"Evening",37,"no-emergency",1,27,0,0,"summer"
1341,2022-07-29,"Morning",22,"no-emergency",1,26,0,1.8,"summer"
1342,2022-07-30,"Morning",9,"no-emergency",1,25,1,1.6,"summer"
1343,2022-07-30,"Evening",48,"no-emergency",1,25,1,1.6,"summer"
1344,2022-07-31,"Morning",8,"no-emergency",1,26,1,0,"summer"
1345,2022-07-31,"Noon",38,"no-emergency",1,26,1,0,"summer"
1346,2022-08-01,"Morning",18,"no-emergency",1,27,0,0,"summer"
1347,2022-08-01,"Noon",48,"no-emergency",1,27,0,0,"summer"
1348,2022-08-01,"Evening",35,"no-emergency",1,27,0,0,"summer"
1349,2022-08-02,"Morning",11,"no-emergency",1,26,0,2.6,"summer"
1350,2022-08-02,"Noon",50,"no-emergency",1,26,0,2.6,"summer"
1351,2022-08-04,"Morning",25,"no-emergency",1,28,0,0,"summer"
1352,2022-08-04,"Noon",37,"no-emergency",1,28,0,0,"summer"
1353,2022-08-04,"Evening",34,"no-emergency",1,28,0,0,"summer"
1354,2022-08-04,"Evening",41,"no-emergency",1,28,0,0,"summer"
1355,2022-08-05,"Morning",17,"no-emergency",1,28,0,0,"summer"
1356,2022-08-16,"Noon",44,"no-emergency",1,24,0,6,"summer"
1357,2022-08-16,"Evening",43,"no-emergency",1,24,0,6,"summer"
1358,2022-08-17,"Morning",10,"no-emergency",1,25,0,1.4,"summer"
1359,2022-08-17,"Noon",62,"no-emergency",1,25,0,1.4,"summer"
1360,2022-08-17,"Evening",50,"no-emergency",1,25,0,1.4,"summer"
1361,2022-08-19,"Morning",12,"no-emergency",1,23,0,6,"summer"
1362,2022-08-19,"Noon",46,"no-emergency",1,23,0,6,"summer"
1363,2022-08-19,"Evening",37,"no-emergency",1,23,0,6,"summer"
1364,2022-08-20,"Morning",12,"no-emergency",1,24,1,0,"summer"
1365,2022-08-20,"Noon",53,"no-emergency",1,24,1,0,"summer"
1366,2022-08-20,"Evening",50,"no-emergency",1,24,1,0,"summer"
1367,2022-08-22,"Morning",18,"no-emergency",1,25,0,0,"summer"
1368,2022-08-22,"Noon",42,"no-emergency",1,25,0,0,"summer"
1369,2022-08-22,"Noon",53,"no-emergency",1,25,0,0,"summer"
1370,2022-08-22,"Evening",42,"no-emergency",1,25,0,0,"summer"
1371,2022-08-23,"Morning",16,"no-emergency",1,24,0,0,"summer"
1372,2022-08-23,"Noon",60,"no-emergency",1,24,0,0,"summer"
1373,2022-08-23,"Evening",47,"no-emergency",1,24,0,0,"summer"
1374,2022-08-24,"Morning",13,"no-emergency",1,25,0,0,"summer"
1375,2022-08-24,"Noon",49,"no-emergency",1,25,0,0,"summer"
1376,2022-08-24,"Evening",40,"no-emergency",1,25,0,0,"summer"
1377,2022-08-25,"Morning",11,"no-emergency",1,26,0,0,"summer"
1378,2022-08-25,"Noon",33,"no-emergency",1,26,0,0,"summer"
1379,2022-08-25,"Evening",51,"no-emergency",1,26,0,0,"summer"
1380,2022-08-26,"Morning",14,"no-emergency",1,27,0,0,"summer"
1381,2022-08-26,"Noon",50,"no-emergency",1,27,0,0,"summer"
1382,2022-08-27,"Morning",15,"no-emergency",1,25,1,0,"summer"
1383,2022-08-27,"Noon",39,"no-emergency",1,25,1,0,"summer"
1384,2022-08-28,"Morning",3,"no-emergency",1,24,1,0,"summer"
1385,2022-08-29,"Morning",9,"no-emergency",1,25,0,0,"summer"
1386,2022-08-29,"Noon",44,"no-emergency",1,25,0,0,"summer"
1387,2022-08-29,"Evening",37,"no-emergency",1,25,0,0,"summer"
1388,2022-09-03,"Morning",10,"no-emergency",1,21,1,0,"summer"
1389,2022-09-03,"Noon",54,"no-emergency",1,21,1,0,"summer"
1390,2022-09-03,"Evening",51,"no-emergency",1,21,1,0,"summer"
1391,2022-09-04,"Morning",15,"no-emergency",1,23,1,0,"summer"
1392,2022-09-04,"Evening",71,"no-emergency",1,23,1,0,"summer"
1393,2022-09-04,"Evening",54,"no-emergency",1,23,1,0,"summer"
1394,2022-09-05,"Morning",18,"no-emergency",1,23,0,0,"summer"
1395,2022-09-05,"Noon",36,"no-emergency",1,23,0,0,"summer"
1396,2022-09-05,"Evening",44,"no-emergency",1,23,0,0,"summer"
1397,2022-09-07,"Morning",20,"no-emergency",1,24,0,0,"summer"
1398,2022-09-07,"Noon",54,"no-emergency",1,24,0,0,"summer"
1399,2022-09-07,"Evening",59,"no-emergency",1,24,0,0,"summer"
1400,2022-09-08,"Morning",23,"no-emergency",1,23,0,0,"summer"
1401,2022-09-08,"Noon",41,"no-emergency",1,23,0,0,"summer"
1402,2022-09-08,"Evening",35,"no-emergency",1,23,0,0,"summer"
1403,2022-09-10,"Morning",22,"no-emergency",1,22,1,0,"summer"
1404,2022-09-10,"Evening",65,"no-emergency",1,22,1,0,"summer"
1405,2022-09-11,"Morning",11,"no-emergency",1,21,1,10.8,"summer"
1406,2022-09-11,"Noon",43,"no-emergency",1,21,1,10.8,"summer"
1407,2022-09-12,"Morning",18,"no-emergency",1,22,0,0,"summer"
1408,2022-09-12,"Noon",44,"no-emergency",1,22,0,0,"summer"
1409,2022-09-16,"Noon",61,"no-emergency",1,21,0,14.2,"summer"
1410,2022-09-16,"Evening",41,"no-emergency",1,21,0,14.2,"summer"
1411,2022-09-17,"Morning",6,"no-emergency",1,15,1,21.8,"summer"
1412,2022-09-17,"Evening",50,"no-emergency",1,15,1,21.8,"summer"
1413,2022-09-18,"Morning",13,"no-emergency",1,16,1,0,"summer"
1414,2022-09-18,"Noon",39,"no-emergency",1,16,1,0,"summer"
1415,2022-09-18,"Evening",51,"no-emergency",1,16,1,0,"summer"
1416,2022-09-24,"Morning",10,"no-emergency",1,17,1,8.6,"autumn"
1417,2022-09-24,"Evening",62,"no-emergency",1,17,1,8.6,"autumn"
1418,2022-09-25,"Morning",9,"no-emergency",1,17,1,5,"autumn"
1419,2022-09-26,"Morning",19,"no-emergency",1,17,0,0,"autumn"
1420,2022-09-26,"Noon",45,"no-emergency",1,17,0,0,"autumn"
1421,2022-09-30,"Evening",34,"no-emergency",1,16,0,7.4,"autumn"
